year,month,site_code,indicateur,sous_indicateur,unite,value,value_crise
2011,1,PLF,Causes d'hospitalisation,Obstétrique,séjours,227.4,245.59
2011,2,PLF,Causes d'hospitalisation,Obstétrique,séjours,204.66,204.66
2011,3,PLF,Causes d'hospitalisation,Obstétrique,séjours,181.92,573.05
2011,4,PLF,Causes d'hospitalisation,Obstétrique,séjours,170.55,777.71
2011,5,PLF,Causes d'hospitalisation,Obstétrique,séjours,159.18,368.39
2011,6,PLF,Causes d'hospitalisation,Obstétrique,séjours,159.18,163.73
2011,7,PLF,Causes d'hospitalisation,Obstétrique,séjours,193.29,122.8
2011,8,PLF,Causes d'hospitalisation,Obstétrique,séjours,181.92,122.8
2011,9,PLF,Causes d'hospitalisation,Obstétrique,séjours,170.55,245.59
2011,10,PLF,Causes d'hospitalisation,Obstétrique,séjours,170.55,450.25
2011,11,PLF,Causes d'hospitalisation,Obstétrique,séjours,181.92,491.18
2011,12,PLF,Causes d'hospitalisation,Obstétrique,séjours,272.88,327.46
2011,1,CFX,Causes d'hospitalisation,Obstétrique,séjours,227.4,245.59
2011,2,CFX,Causes d'hospitalisation,Obstétrique,séjours,204.66,204.66
2011,3,CFX,Causes d'hospitalisation,Obstétrique,séjours,181.92,573.05
2011,4,CFX,Causes d'hospitalisation,Obstétrique,séjours,170.55,777.71
2011,5,CFX,Causes d'hospitalisation,Obstétrique,séjours,159.18,368.39
2011,6,CFX,Causes d'hospitalisation,Obstétrique,séjours,159.18,163.73
2011,7,CFX,Causes d'hospitalisation,Obstétrique,séjours,193.29,122.8
2011,8,CFX,Causes d'hospitalisation,Obstétrique,séjours,181.92,122.8
2011,9,CFX,Causes d'hospitalisation,Obstétrique,séjours,170.55,245.59
2011,10,CFX,Causes d'hospitalisation,Obstétrique,séjours,170.55,450.25
2011,11,CFX,Causes d'hospitalisation,Obstétrique,séjours,181.92,491.18
2011,12,CFX,Causes d'hospitalisation,Obstétrique,séjours,272.88,327.46
2012,1,PLF,Causes d'hospitalisation,Obstétrique,séjours,227.4,245.59
2012,2,PLF,Causes d'hospitalisation,Obstétrique,séjours,204.66,204.66
2012,3,PLF,Causes d'hospitalisation,Obstétrique,séjours,181.92,573.05
2012,4,PLF,Causes d'hospitalisation,Obstétrique,séjours,170.55,777.71
2012,5,PLF,Causes d'hospitalisation,Obstétrique,séjours,159.18,368.39
2012,6,PLF,Causes d'hospitalisation,Obstétrique,séjours,159.18,163.73
2012,7,PLF,Causes d'hospitalisation,Obstétrique,séjours,193.29,122.8
2012,8,PLF,Causes d'hospitalisation,Obstétrique,séjours,181.92,122.8
2012,9,PLF,Causes d'hospitalisation,Obstétrique,séjours,170.55,245.59
2012,10,PLF,Causes d'hospitalisation,Obstétrique,séjours,170.55,450.25
2012,11,PLF,Causes d'hospitalisation,Obstétrique,séjours,181.92,491.18
2012,12,PLF,Causes d'hospitalisation,Obstétrique,séjours,272.88,327.46
2012,1,CFX,Causes d'hospitalisation,Obstétrique,séjours,227.4,245.59
2012,2,CFX,Causes d'hospitalisation,Obstétrique,séjours,204.66,204.66
2012,3,CFX,Causes d'hospitalisation,Obstétrique,séjours,181.92,573.05
2012,4,CFX,Causes d'hospitalisation,Obstétrique,séjours,170.55,777.71
2012,5,CFX,Causes d'hospitalisation,Obstétrique,séjours,159.18,368.39
2012,6,CFX,Causes d'hospitalisation,Obstétrique,séjours,159.18,163.73
2012,7,CFX,Causes d'hospitalisation,Obstétrique,séjours,193.29,122.8
2012,8,CFX,Causes d'hospitalisation,Obstétrique,séjours,181.92,122.8
2012,9,CFX,Causes d'hospitalisation,Obstétrique,séjours,170.55,245.59
2012,10,CFX,Causes d'hospitalisation,Obstétrique,séjours,170.55,450.25
2012,11,CFX,Causes d'hospitalisation,Obstétrique,séjours,181.92,491.18
2012,12,CFX,Causes d'hospitalisation,Obstétrique,séjours,272.88,327.46
2013,1,PLF,Causes d'hospitalisation,Obstétrique,séjours,224.28,242.23
2013,2,PLF,Causes d'hospitalisation,Obstétrique,séjours,201.85,201.85
2013,3,PLF,Causes d'hospitalisation,Obstétrique,séjours,179.43,565.19
2013,4,PLF,Causes d'hospitalisation,Obstétrique,séjours,168.21,767.05
2013,5,PLF,Causes d'hospitalisation,Obstétrique,séjours,157.0,363.34
2013,6,PLF,Causes d'hospitalisation,Obstétrique,séjours,157.0,161.48
2013,7,PLF,Causes d'hospitalisation,Obstétrique,séjours,190.64,121.11
2013,8,PLF,Causes d'hospitalisation,Obstétrique,séjours,179.43,121.11
2013,9,PLF,Causes d'hospitalisation,Obstétrique,séjours,168.21,242.23
2013,10,PLF,Causes d'hospitalisation,Obstétrique,séjours,168.21,444.08
2013,11,PLF,Causes d'hospitalisation,Obstétrique,séjours,179.43,484.45
2013,12,PLF,Causes d'hospitalisation,Obstétrique,séjours,269.14,322.97
2013,1,CFX,Causes d'hospitalisation,Obstétrique,séjours,224.28,242.23
2013,2,CFX,Causes d'hospitalisation,Obstétrique,séjours,201.85,201.85
2013,3,CFX,Causes d'hospitalisation,Obstétrique,séjours,179.43,565.19
2013,4,CFX,Causes d'hospitalisation,Obstétrique,séjours,168.21,767.05
2013,5,CFX,Causes d'hospitalisation,Obstétrique,séjours,157.0,363.34
2013,6,CFX,Causes d'hospitalisation,Obstétrique,séjours,157.0,161.48
2013,7,CFX,Causes d'hospitalisation,Obstétrique,séjours,190.64,121.11
2013,8,CFX,Causes d'hospitalisation,Obstétrique,séjours,179.43,121.11
2013,9,CFX,Causes d'hospitalisation,Obstétrique,séjours,168.21,242.23
2013,10,CFX,Causes d'hospitalisation,Obstétrique,séjours,168.21,444.08
2013,11,CFX,Causes d'hospitalisation,Obstétrique,séjours,179.43,484.45
2013,12,CFX,Causes d'hospitalisation,Obstétrique,séjours,269.14,322.97
2014,1,PLF,Causes d'hospitalisation,Obstétrique,séjours,221.17,238.86
2014,2,PLF,Causes d'hospitalisation,Obstétrique,séjours,199.05,199.05
2014,3,PLF,Causes d'hospitalisation,Obstétrique,séjours,176.93,557.34
2014,4,PLF,Causes d'hospitalisation,Obstétrique,séjours,165.88,756.39
2014,5,PLF,Causes d'hospitalisation,Obstétrique,séjours,154.82,358.29
2014,6,PLF,Causes d'hospitalisation,Obstétrique,séjours,154.82,159.24
2014,7,PLF,Causes d'hospitalisation,Obstétrique,séjours,187.99,119.43
2014,8,PLF,Causes d'hospitalisation,Obstétrique,séjours,176.93,119.43
2014,9,PLF,Causes d'hospitalisation,Obstétrique,séjours,165.88,238.86
2014,10,PLF,Causes d'hospitalisation,Obstétrique,séjours,165.88,437.91
2014,11,PLF,Causes d'hospitalisation,Obstétrique,séjours,176.93,477.72
2014,12,PLF,Causes d'hospitalisation,Obstétrique,séjours,265.4,318.48
2014,1,CFX,Causes d'hospitalisation,Obstétrique,séjours,221.17,238.86
2014,2,CFX,Causes d'hospitalisation,Obstétrique,séjours,199.05,199.05
2014,3,CFX,Causes d'hospitalisation,Obstétrique,séjours,176.93,557.34
2014,4,CFX,Causes d'hospitalisation,Obstétrique,séjours,165.88,756.39
2014,5,CFX,Causes d'hospitalisation,Obstétrique,séjours,154.82,358.29
2014,6,CFX,Causes d'hospitalisation,Obstétrique,séjours,154.82,159.24
2014,7,CFX,Causes d'hospitalisation,Obstétrique,séjours,187.99,119.43
2014,8,CFX,Causes d'hospitalisation,Obstétrique,séjours,176.93,119.43
2014,9,CFX,Causes d'hospitalisation,Obstétrique,séjours,165.88,238.86
2014,10,CFX,Causes d'hospitalisation,Obstétrique,séjours,165.88,437.91
2014,11,CFX,Causes d'hospitalisation,Obstétrique,séjours,176.93,477.72
2014,12,CFX,Causes d'hospitalisation,Obstétrique,séjours,265.4,318.48
2015,1,PLF,Causes d'hospitalisation,Obstétrique,séjours,218.05,235.49
2015,2,PLF,Causes d'hospitalisation,Obstétrique,séjours,196.25,196.25
2015,3,PLF,Causes d'hospitalisation,Obstétrique,séjours,174.44,549.49
2015,4,PLF,Causes d'hospitalisation,Obstétrique,séjours,163.54,745.73
2015,5,PLF,Causes d'hospitalisation,Obstétrique,séjours,152.63,353.24
2015,6,PLF,Causes d'hospitalisation,Obstétrique,séjours,152.63,157.0
2015,7,PLF,Causes d'hospitalisation,Obstétrique,séjours,185.34,117.75
2015,8,PLF,Causes d'hospitalisation,Obstétrique,séjours,174.44,117.75
2015,9,PLF,Causes d'hospitalisation,Obstétrique,séjours,163.54,235.49
2015,10,PLF,Causes d'hospitalisation,Obstétrique,séjours,163.54,431.74
2015,11,PLF,Causes d'hospitalisation,Obstétrique,séjours,174.44,470.99
2015,12,PLF,Causes d'hospitalisation,Obstétrique,séjours,261.66,313.99
2015,1,CFX,Causes d'hospitalisation,Obstétrique,séjours,218.05,235.49
2015,2,CFX,Causes d'hospitalisation,Obstétrique,séjours,196.25,196.25
2015,3,CFX,Causes d'hospitalisation,Obstétrique,séjours,174.44,549.49
2015,4,CFX,Causes d'hospitalisation,Obstétrique,séjours,163.54,745.73
2015,5,CFX,Causes d'hospitalisation,Obstétrique,séjours,152.63,353.24
2015,6,CFX,Causes d'hospitalisation,Obstétrique,séjours,152.63,157.0
2015,7,CFX,Causes d'hospitalisation,Obstétrique,séjours,185.34,117.75
2015,8,CFX,Causes d'hospitalisation,Obstétrique,séjours,174.44,117.75
2015,9,CFX,Causes d'hospitalisation,Obstétrique,séjours,163.54,235.49
2015,10,CFX,Causes d'hospitalisation,Obstétrique,séjours,163.54,431.74
2015,11,CFX,Causes d'hospitalisation,Obstétrique,séjours,174.44,470.99
2015,12,CFX,Causes d'hospitalisation,Obstétrique,séjours,261.66,313.99
2016,1,PLF,Causes d'hospitalisation,Obstétrique,séjours,218.05,235.49
2016,2,PLF,Causes d'hospitalisation,Obstétrique,séjours,196.25,196.25
2016,3,PLF,Causes d'hospitalisation,Obstétrique,séjours,174.44,549.49
2016,4,PLF,Causes d'hospitalisation,Obstétrique,séjours,163.54,745.73
2016,5,PLF,Causes d'hospitalisation,Obstétrique,séjours,152.63,353.24
2016,6,PLF,Causes d'hospitalisation,Obstétrique,séjours,152.63,157.0
2016,7,PLF,Causes d'hospitalisation,Obstétrique,séjours,185.34,117.75
2016,8,PLF,Causes d'hospitalisation,Obstétrique,séjours,174.44,117.75
2016,9,PLF,Causes d'hospitalisation,Obstétrique,séjours,163.54,235.49
2016,10,PLF,Causes d'hospitalisation,Obstétrique,séjours,163.54,431.74
2016,11,PLF,Causes d'hospitalisation,Obstétrique,séjours,174.44,470.99
2016,12,PLF,Causes d'hospitalisation,Obstétrique,séjours,261.66,313.99
2016,1,CFX,Causes d'hospitalisation,Obstétrique,séjours,218.05,235.49
2016,2,CFX,Causes d'hospitalisation,Obstétrique,séjours,196.25,196.25
2016,3,CFX,Causes d'hospitalisation,Obstétrique,séjours,174.44,549.49
2016,4,CFX,Causes d'hospitalisation,Obstétrique,séjours,163.54,745.73
2016,5,CFX,Causes d'hospitalisation,Obstétrique,séjours,152.63,353.24
2016,6,CFX,Causes d'hospitalisation,Obstétrique,séjours,152.63,157.0
2016,7,CFX,Causes d'hospitalisation,Obstétrique,séjours,185.34,117.75
2016,8,CFX,Causes d'hospitalisation,Obstétrique,séjours,174.44,117.75
2016,9,CFX,Causes d'hospitalisation,Obstétrique,séjours,163.54,235.49
2016,10,CFX,Causes d'hospitalisation,Obstétrique,séjours,163.54,431.74
2016,11,CFX,Causes d'hospitalisation,Obstétrique,séjours,174.44,470.99
2016,12,CFX,Causes d'hospitalisation,Obstétrique,séjours,261.66,313.99
2017,1,PLF,Causes d'hospitalisation,Obstétrique,séjours,218.05,235.49
2017,2,PLF,Causes d'hospitalisation,Obstétrique,séjours,196.25,196.25
2017,3,PLF,Causes d'hospitalisation,Obstétrique,séjours,174.44,549.49
2017,4,PLF,Causes d'hospitalisation,Obstétrique,séjours,163.54,745.73
2017,5,PLF,Causes d'hospitalisation,Obstétrique,séjours,152.63,353.24
2017,6,PLF,Causes d'hospitalisation,Obstétrique,séjours,152.63,157.0
2017,7,PLF,Causes d'hospitalisation,Obstétrique,séjours,185.34,117.75
2017,8,PLF,Causes d'hospitalisation,Obstétrique,séjours,174.44,117.75
2017,9,PLF,Causes d'hospitalisation,Obstétrique,séjours,163.54,235.49
2017,10,PLF,Causes d'hospitalisation,Obstétrique,séjours,163.54,431.74
2017,11,PLF,Causes d'hospitalisation,Obstétrique,séjours,174.44,470.99
2017,12,PLF,Causes d'hospitalisation,Obstétrique,séjours,261.66,313.99
2017,1,CFX,Causes d'hospitalisation,Obstétrique,séjours,218.05,235.49
2017,2,CFX,Causes d'hospitalisation,Obstétrique,séjours,196.25,196.25
2017,3,CFX,Causes d'hospitalisation,Obstétrique,séjours,174.44,549.49
2017,4,CFX,Causes d'hospitalisation,Obstétrique,séjours,163.54,745.73
2017,5,CFX,Causes d'hospitalisation,Obstétrique,séjours,152.63,353.24
2017,6,CFX,Causes d'hospitalisation,Obstétrique,séjours,152.63,157.0
2017,7,CFX,Causes d'hospitalisation,Obstétrique,séjours,185.34,117.75
2017,8,CFX,Causes d'hospitalisation,Obstétrique,séjours,174.44,117.75
2017,9,CFX,Causes d'hospitalisation,Obstétrique,séjours,163.54,235.49
2017,10,CFX,Causes d'hospitalisation,Obstétrique,séjours,163.54,431.74
2017,11,CFX,Causes d'hospitalisation,Obstétrique,séjours,174.44,470.99
2017,12,CFX,Causes d'hospitalisation,Obstétrique,séjours,261.66,313.99
2011,1,PLF,Causes d'hospitalisation,Pathologies cancéreuses,séjours,2339.45,2526.61
2011,2,PLF,Causes d'hospitalisation,Pathologies cancéreuses,séjours,2105.51,2105.51
2011,3,PLF,Causes d'hospitalisation,Pathologies cancéreuses,séjours,1871.56,5895.41
2011,4,PLF,Causes d'hospitalisation,Pathologies cancéreuses,séjours,1754.59,8000.92
2011,5,PLF,Causes d'hospitalisation,Pathologies cancéreuses,séjours,1637.62,3789.91
2011,6,PLF,Causes d'hospitalisation,Pathologies cancéreuses,séjours,1637.62,1684.4
2011,7,PLF,Causes d'hospitalisation,Pathologies cancéreuses,séjours,1988.53,1263.3
2011,8,PLF,Causes d'hospitalisation,Pathologies cancéreuses,séjours,1871.56,1263.3
2011,9,PLF,Causes d'hospitalisation,Pathologies cancéreuses,séjours,1754.59,2526.61
2011,10,PLF,Causes d'hospitalisation,Pathologies cancéreuses,séjours,1754.59,4632.11
2011,11,PLF,Causes d'hospitalisation,Pathologies cancéreuses,séjours,1871.56,5053.21
2011,12,PLF,Causes d'hospitalisation,Pathologies cancéreuses,séjours,2807.34,3368.81
2011,1,CFX,Causes d'hospitalisation,Pathologies cancéreuses,séjours,2339.45,2526.61
2011,2,CFX,Causes d'hospitalisation,Pathologies cancéreuses,séjours,2105.51,2105.51
2011,3,CFX,Causes d'hospitalisation,Pathologies cancéreuses,séjours,1871.56,5895.41
2011,4,CFX,Causes d'hospitalisation,Pathologies cancéreuses,séjours,1754.59,8000.92
2011,5,CFX,Causes d'hospitalisation,Pathologies cancéreuses,séjours,1637.62,3789.91
2011,6,CFX,Causes d'hospitalisation,Pathologies cancéreuses,séjours,1637.62,1684.4
2011,7,CFX,Causes d'hospitalisation,Pathologies cancéreuses,séjours,1988.53,1263.3
2011,8,CFX,Causes d'hospitalisation,Pathologies cancéreuses,séjours,1871.56,1263.3
2011,9,CFX,Causes d'hospitalisation,Pathologies cancéreuses,séjours,1754.59,2526.61
2011,10,CFX,Causes d'hospitalisation,Pathologies cancéreuses,séjours,1754.59,4632.11
2011,11,CFX,Causes d'hospitalisation,Pathologies cancéreuses,séjours,1871.56,5053.21
2011,12,CFX,Causes d'hospitalisation,Pathologies cancéreuses,séjours,2807.34,3368.81
2012,1,PLF,Causes d'hospitalisation,Pathologies cancéreuses,séjours,2339.45,2526.61
2012,2,PLF,Causes d'hospitalisation,Pathologies cancéreuses,séjours,2105.51,2105.51
2012,3,PLF,Causes d'hospitalisation,Pathologies cancéreuses,séjours,1871.56,5895.41
2012,4,PLF,Causes d'hospitalisation,Pathologies cancéreuses,séjours,1754.59,8000.92
2012,5,PLF,Causes d'hospitalisation,Pathologies cancéreuses,séjours,1637.62,3789.91
2012,6,PLF,Causes d'hospitalisation,Pathologies cancéreuses,séjours,1637.62,1684.4
2012,7,PLF,Causes d'hospitalisation,Pathologies cancéreuses,séjours,1988.53,1263.3
2012,8,PLF,Causes d'hospitalisation,Pathologies cancéreuses,séjours,1871.56,1263.3
2012,9,PLF,Causes d'hospitalisation,Pathologies cancéreuses,séjours,1754.59,2526.61
2012,10,PLF,Causes d'hospitalisation,Pathologies cancéreuses,séjours,1754.59,4632.11
2012,11,PLF,Causes d'hospitalisation,Pathologies cancéreuses,séjours,1871.56,5053.21
2012,12,PLF,Causes d'hospitalisation,Pathologies cancéreuses,séjours,2807.34,3368.81
2012,1,CFX,Causes d'hospitalisation,Pathologies cancéreuses,séjours,2339.45,2526.61
2012,2,CFX,Causes d'hospitalisation,Pathologies cancéreuses,séjours,2105.51,2105.51
2012,3,CFX,Causes d'hospitalisation,Pathologies cancéreuses,séjours,1871.56,5895.41
2012,4,CFX,Causes d'hospitalisation,Pathologies cancéreuses,séjours,1754.59,8000.92
2012,5,CFX,Causes d'hospitalisation,Pathologies cancéreuses,séjours,1637.62,3789.91
2012,6,CFX,Causes d'hospitalisation,Pathologies cancéreuses,séjours,1637.62,1684.4
2012,7,CFX,Causes d'hospitalisation,Pathologies cancéreuses,séjours,1988.53,1263.3
2012,8,CFX,Causes d'hospitalisation,Pathologies cancéreuses,séjours,1871.56,1263.3
2012,9,CFX,Causes d'hospitalisation,Pathologies cancéreuses,séjours,1754.59,2526.61
2012,10,CFX,Causes d'hospitalisation,Pathologies cancéreuses,séjours,1754.59,4632.11
2012,11,CFX,Causes d'hospitalisation,Pathologies cancéreuses,séjours,1871.56,5053.21
2012,12,CFX,Causes d'hospitalisation,Pathologies cancéreuses,séjours,2807.34,3368.81
2013,1,PLF,Causes d'hospitalisation,Pathologies cancéreuses,séjours,2543.25,2746.71
2013,2,PLF,Causes d'hospitalisation,Pathologies cancéreuses,séjours,2288.93,2288.93
2013,3,PLF,Causes d'hospitalisation,Pathologies cancéreuses,séjours,2034.6,6408.99
2013,4,PLF,Causes d'hospitalisation,Pathologies cancéreuses,séjours,1907.44,8697.92
2013,5,PLF,Causes d'hospitalisation,Pathologies cancéreuses,séjours,1780.28,4120.06
2013,6,PLF,Causes d'hospitalisation,Pathologies cancéreuses,séjours,1780.28,1831.14
2013,7,PLF,Causes d'hospitalisation,Pathologies cancéreuses,séjours,2161.76,1373.36
2013,8,PLF,Causes d'hospitalisation,Pathologies cancéreuses,séjours,2034.6,1373.36
2013,9,PLF,Causes d'hospitalisation,Pathologies cancéreuses,séjours,1907.44,2746.71
2013,10,PLF,Causes d'hospitalisation,Pathologies cancéreuses,séjours,1907.44,5035.64
2013,11,PLF,Causes d'hospitalisation,Pathologies cancéreuses,séjours,2034.6,5493.42
2013,12,PLF,Causes d'hospitalisation,Pathologies cancéreuses,séjours,3051.9,3662.28
2013,1,CFX,Causes d'hospitalisation,Pathologies cancéreuses,séjours,2543.25,2746.71
2013,2,CFX,Causes d'hospitalisation,Pathologies cancéreuses,séjours,2288.93,2288.93
2013,3,CFX,Causes d'hospitalisation,Pathologies cancéreuses,séjours,2034.6,6408.99
2013,4,CFX,Causes d'hospitalisation,Pathologies cancéreuses,séjours,1907.44,8697.92
2013,5,CFX,Causes d'hospitalisation,Pathologies cancéreuses,séjours,1780.28,4120.06
2013,6,CFX,Causes d'hospitalisation,Pathologies cancéreuses,séjours,1780.28,1831.14
2013,7,CFX,Causes d'hospitalisation,Pathologies cancéreuses,séjours,2161.76,1373.36
2013,8,CFX,Causes d'hospitalisation,Pathologies cancéreuses,séjours,2034.6,1373.36
2013,9,CFX,Causes d'hospitalisation,Pathologies cancéreuses,séjours,1907.44,2746.71
2013,10,CFX,Causes d'hospitalisation,Pathologies cancéreuses,séjours,1907.44,5035.64
2013,11,CFX,Causes d'hospitalisation,Pathologies cancéreuses,séjours,2034.6,5493.42
2013,12,CFX,Causes d'hospitalisation,Pathologies cancéreuses,séjours,3051.9,3662.28
2014,1,PLF,Causes d'hospitalisation,Pathologies cancéreuses,séjours,2747.05,2966.81
2014,2,PLF,Causes d'hospitalisation,Pathologies cancéreuses,séjours,2472.34,2472.34
2014,3,PLF,Causes d'hospitalisation,Pathologies cancéreuses,séjours,2197.64,6922.57
2014,4,PLF,Causes d'hospitalisation,Pathologies cancéreuses,séjours,2060.29,9394.91
2014,5,PLF,Causes d'hospitalisation,Pathologies cancéreuses,séjours,1922.93,4450.22
2014,6,PLF,Causes d'hospitalisation,Pathologies cancéreuses,séjours,1922.93,1977.88
2014,7,PLF,Causes d'hospitalisation,Pathologies cancéreuses,séjours,2334.99,1483.41
2014,8,PLF,Causes d'hospitalisation,Pathologies cancéreuses,séjours,2197.64,1483.41
2014,9,PLF,Causes d'hospitalisation,Pathologies cancéreuses,séjours,2060.29,2966.81
2014,10,PLF,Causes d'hospitalisation,Pathologies cancéreuses,séjours,2060.29,5439.16
2014,11,PLF,Causes d'hospitalisation,Pathologies cancéreuses,séjours,2197.64,5933.63
2014,12,PLF,Causes d'hospitalisation,Pathologies cancéreuses,séjours,3296.46,3955.75
2014,1,CFX,Causes d'hospitalisation,Pathologies cancéreuses,séjours,2747.05,2966.81
2014,2,CFX,Causes d'hospitalisation,Pathologies cancéreuses,séjours,2472.34,2472.34
2014,3,CFX,Causes d'hospitalisation,Pathologies cancéreuses,séjours,2197.64,6922.57
2014,4,CFX,Causes d'hospitalisation,Pathologies cancéreuses,séjours,2060.29,9394.91
2014,5,CFX,Causes d'hospitalisation,Pathologies cancéreuses,séjours,1922.93,4450.22
2014,6,CFX,Causes d'hospitalisation,Pathologies cancéreuses,séjours,1922.93,1977.88
2014,7,CFX,Causes d'hospitalisation,Pathologies cancéreuses,séjours,2334.99,1483.41
2014,8,CFX,Causes d'hospitalisation,Pathologies cancéreuses,séjours,2197.64,1483.41
2014,9,CFX,Causes d'hospitalisation,Pathologies cancéreuses,séjours,2060.29,2966.81
2014,10,CFX,Causes d'hospitalisation,Pathologies cancéreuses,séjours,2060.29,5439.16
2014,11,CFX,Causes d'hospitalisation,Pathologies cancéreuses,séjours,2197.64,5933.63
2014,12,CFX,Causes d'hospitalisation,Pathologies cancéreuses,séjours,3296.46,3955.75
2015,1,PLF,Causes d'hospitalisation,Pathologies cancéreuses,séjours,2950.85,3186.92
2015,2,PLF,Causes d'hospitalisation,Pathologies cancéreuses,séjours,2655.76,2655.76
2015,3,PLF,Causes d'hospitalisation,Pathologies cancéreuses,séjours,2360.68,7436.14
2015,4,PLF,Causes d'hospitalisation,Pathologies cancéreuses,séjours,2213.14,10091.91
2015,5,PLF,Causes d'hospitalisation,Pathologies cancéreuses,séjours,2065.59,4780.38
2015,6,PLF,Causes d'hospitalisation,Pathologies cancéreuses,séjours,2065.59,2124.61
2015,7,PLF,Causes d'hospitalisation,Pathologies cancéreuses,séjours,2508.22,1593.46
2015,8,PLF,Causes d'hospitalisation,Pathologies cancéreuses,séjours,2360.68,1593.46
2015,9,PLF,Causes d'hospitalisation,Pathologies cancéreuses,séjours,2213.14,3186.92
2015,10,PLF,Causes d'hospitalisation,Pathologies cancéreuses,séjours,2213.14,5842.68
2015,11,PLF,Causes d'hospitalisation,Pathologies cancéreuses,séjours,2360.68,6373.84
2015,12,PLF,Causes d'hospitalisation,Pathologies cancéreuses,séjours,3541.02,4249.22
2015,1,CFX,Causes d'hospitalisation,Pathologies cancéreuses,séjours,2950.85,3186.92
2015,2,CFX,Causes d'hospitalisation,Pathologies cancéreuses,séjours,2655.76,2655.76
2015,3,CFX,Causes d'hospitalisation,Pathologies cancéreuses,séjours,2360.68,7436.14
2015,4,CFX,Causes d'hospitalisation,Pathologies cancéreuses,séjours,2213.14,10091.91
2015,5,CFX,Causes d'hospitalisation,Pathologies cancéreuses,séjours,2065.59,4780.38
2015,6,CFX,Causes d'hospitalisation,Pathologies cancéreuses,séjours,2065.59,2124.61
2015,7,CFX,Causes d'hospitalisation,Pathologies cancéreuses,séjours,2508.22,1593.46
2015,8,CFX,Causes d'hospitalisation,Pathologies cancéreuses,séjours,2360.68,1593.46
2015,9,CFX,Causes d'hospitalisation,Pathologies cancéreuses,séjours,2213.14,3186.92
2015,10,CFX,Causes d'hospitalisation,Pathologies cancéreuses,séjours,2213.14,5842.68
2015,11,CFX,Causes d'hospitalisation,Pathologies cancéreuses,séjours,2360.68,6373.84
2015,12,CFX,Causes d'hospitalisation,Pathologies cancéreuses,séjours,3541.02,4249.22
2016,1,PLF,Causes d'hospitalisation,Pathologies cancéreuses,séjours,2950.85,3186.92
2016,2,PLF,Causes d'hospitalisation,Pathologies cancéreuses,séjours,2655.76,2655.76
2016,3,PLF,Causes d'hospitalisation,Pathologies cancéreuses,séjours,2360.68,7436.14
2016,4,PLF,Causes d'hospitalisation,Pathologies cancéreuses,séjours,2213.14,10091.91
2016,5,PLF,Causes d'hospitalisation,Pathologies cancéreuses,séjours,2065.59,4780.38
2016,6,PLF,Causes d'hospitalisation,Pathologies cancéreuses,séjours,2065.59,2124.61
2016,7,PLF,Causes d'hospitalisation,Pathologies cancéreuses,séjours,2508.22,1593.46
2016,8,PLF,Causes d'hospitalisation,Pathologies cancéreuses,séjours,2360.68,1593.46
2016,9,PLF,Causes d'hospitalisation,Pathologies cancéreuses,séjours,2213.14,3186.92
2016,10,PLF,Causes d'hospitalisation,Pathologies cancéreuses,séjours,2213.14,5842.68
2016,11,PLF,Causes d'hospitalisation,Pathologies cancéreuses,séjours,2360.68,6373.84
2016,12,PLF,Causes d'hospitalisation,Pathologies cancéreuses,séjours,3541.02,4249.22
2016,1,CFX,Causes d'hospitalisation,Pathologies cancéreuses,séjours,2950.85,3186.92
2016,2,CFX,Causes d'hospitalisation,Pathologies cancéreuses,séjours,2655.76,2655.76
2016,3,CFX,Causes d'hospitalisation,Pathologies cancéreuses,séjours,2360.68,7436.14
2016,4,CFX,Causes d'hospitalisation,Pathologies cancéreuses,séjours,2213.14,10091.91
2016,5,CFX,Causes d'hospitalisation,Pathologies cancéreuses,séjours,2065.59,4780.38
2016,6,CFX,Causes d'hospitalisation,Pathologies cancéreuses,séjours,2065.59,2124.61
2016,7,CFX,Causes d'hospitalisation,Pathologies cancéreuses,séjours,2508.22,1593.46
2016,8,CFX,Causes d'hospitalisation,Pathologies cancéreuses,séjours,2360.68,1593.46
2016,9,CFX,Causes d'hospitalisation,Pathologies cancéreuses,séjours,2213.14,3186.92
2016,10,CFX,Causes d'hospitalisation,Pathologies cancéreuses,séjours,2213.14,5842.68
2016,11,CFX,Causes d'hospitalisation,Pathologies cancéreuses,séjours,2360.68,6373.84
2016,12,CFX,Causes d'hospitalisation,Pathologies cancéreuses,séjours,3541.02,4249.22
2017,1,PLF,Causes d'hospitalisation,Pathologies cancéreuses,séjours,2950.85,3186.92
2017,2,PLF,Causes d'hospitalisation,Pathologies cancéreuses,séjours,2655.76,2655.76
2017,3,PLF,Causes d'hospitalisation,Pathologies cancéreuses,séjours,2360.68,7436.14
2017,4,PLF,Causes d'hospitalisation,Pathologies cancéreuses,séjours,2213.14,10091.91
2017,5,PLF,Causes d'hospitalisation,Pathologies cancéreuses,séjours,2065.59,4780.38
2017,6,PLF,Causes d'hospitalisation,Pathologies cancéreuses,séjours,2065.59,2124.61
2017,7,PLF,Causes d'hospitalisation,Pathologies cancéreuses,séjours,2508.22,1593.46
2017,8,PLF,Causes d'hospitalisation,Pathologies cancéreuses,séjours,2360.68,1593.46
2017,9,PLF,Causes d'hospitalisation,Pathologies cancéreuses,séjours,2213.14,3186.92
2017,10,PLF,Causes d'hospitalisation,Pathologies cancéreuses,séjours,2213.14,5842.68
2017,11,PLF,Causes d'hospitalisation,Pathologies cancéreuses,séjours,2360.68,6373.84
2017,12,PLF,Causes d'hospitalisation,Pathologies cancéreuses,séjours,3541.02,4249.22
2017,1,CFX,Causes d'hospitalisation,Pathologies cancéreuses,séjours,2950.85,3186.92
2017,2,CFX,Causes d'hospitalisation,Pathologies cancéreuses,séjours,2655.76,2655.76
2017,3,CFX,Causes d'hospitalisation,Pathologies cancéreuses,séjours,2360.68,7436.14
2017,4,CFX,Causes d'hospitalisation,Pathologies cancéreuses,séjours,2213.14,10091.91
2017,5,CFX,Causes d'hospitalisation,Pathologies cancéreuses,séjours,2065.59,4780.38
2017,6,CFX,Causes d'hospitalisation,Pathologies cancéreuses,séjours,2065.59,2124.61
2017,7,CFX,Causes d'hospitalisation,Pathologies cancéreuses,séjours,2508.22,1593.46
2017,8,CFX,Causes d'hospitalisation,Pathologies cancéreuses,séjours,2360.68,1593.46
2017,9,CFX,Causes d'hospitalisation,Pathologies cancéreuses,séjours,2213.14,3186.92
2017,10,CFX,Causes d'hospitalisation,Pathologies cancéreuses,séjours,2213.14,5842.68
2017,11,CFX,Causes d'hospitalisation,Pathologies cancéreuses,séjours,2360.68,6373.84
2017,12,CFX,Causes d'hospitalisation,Pathologies cancéreuses,séjours,3541.02,4249.22
2011,1,PLF,Causes d'hospitalisation,Pathologies cardio-vasculaires,séjours,763.75,824.85
2011,2,PLF,Causes d'hospitalisation,Pathologies cardio-vasculaires,séjours,687.38,687.38
2011,3,PLF,Causes d'hospitalisation,Pathologies cardio-vasculaires,séjours,611.0,1924.65
2011,4,PLF,Causes d'hospitalisation,Pathologies cardio-vasculaires,séjours,572.81,2612.03
2011,5,PLF,Causes d'hospitalisation,Pathologies cardio-vasculaires,séjours,534.62,1237.28
2011,6,PLF,Causes d'hospitalisation,Pathologies cardio-vasculaires,séjours,534.62,549.9
2011,7,PLF,Causes d'hospitalisation,Pathologies cardio-vasculaires,séjours,649.19,412.43
2011,8,PLF,Causes d'hospitalisation,Pathologies cardio-vasculaires,séjours,611.0,412.43
2011,9,PLF,Causes d'hospitalisation,Pathologies cardio-vasculaires,séjours,572.81,824.85
2011,10,PLF,Causes d'hospitalisation,Pathologies cardio-vasculaires,séjours,572.81,1512.22
2011,11,PLF,Causes d'hospitalisation,Pathologies cardio-vasculaires,séjours,611.0,1649.7
2011,12,PLF,Causes d'hospitalisation,Pathologies cardio-vasculaires,séjours,916.5,1099.8
2011,1,CFX,Causes d'hospitalisation,Pathologies cardio-vasculaires,séjours,763.75,824.85
2011,2,CFX,Causes d'hospitalisation,Pathologies cardio-vasculaires,séjours,687.38,687.38
2011,3,CFX,Causes d'hospitalisation,Pathologies cardio-vasculaires,séjours,611.0,1924.65
2011,4,CFX,Causes d'hospitalisation,Pathologies cardio-vasculaires,séjours,572.81,2612.03
2011,5,CFX,Causes d'hospitalisation,Pathologies cardio-vasculaires,séjours,534.62,1237.28
2011,6,CFX,Causes d'hospitalisation,Pathologies cardio-vasculaires,séjours,534.62,549.9
2011,7,CFX,Causes d'hospitalisation,Pathologies cardio-vasculaires,séjours,649.19,412.43
2011,8,CFX,Causes d'hospitalisation,Pathologies cardio-vasculaires,séjours,611.0,412.43
2011,9,CFX,Causes d'hospitalisation,Pathologies cardio-vasculaires,séjours,572.81,824.85
2011,10,CFX,Causes d'hospitalisation,Pathologies cardio-vasculaires,séjours,572.81,1512.22
2011,11,CFX,Causes d'hospitalisation,Pathologies cardio-vasculaires,séjours,611.0,1649.7
2011,12,CFX,Causes d'hospitalisation,Pathologies cardio-vasculaires,séjours,916.5,1099.8
2012,1,PLF,Causes d'hospitalisation,Pathologies cardio-vasculaires,séjours,763.75,824.85
2012,2,PLF,Causes d'hospitalisation,Pathologies cardio-vasculaires,séjours,687.38,687.38
2012,3,PLF,Causes d'hospitalisation,Pathologies cardio-vasculaires,séjours,611.0,1924.65
2012,4,PLF,Causes d'hospitalisation,Pathologies cardio-vasculaires,séjours,572.81,2612.03
2012,5,PLF,Causes d'hospitalisation,Pathologies cardio-vasculaires,séjours,534.62,1237.28
2012,6,PLF,Causes d'hospitalisation,Pathologies cardio-vasculaires,séjours,534.62,549.9
2012,7,PLF,Causes d'hospitalisation,Pathologies cardio-vasculaires,séjours,649.19,412.43
2012,8,PLF,Causes d'hospitalisation,Pathologies cardio-vasculaires,séjours,611.0,412.43
2012,9,PLF,Causes d'hospitalisation,Pathologies cardio-vasculaires,séjours,572.81,824.85
2012,10,PLF,Causes d'hospitalisation,Pathologies cardio-vasculaires,séjours,572.81,1512.22
2012,11,PLF,Causes d'hospitalisation,Pathologies cardio-vasculaires,séjours,611.0,1649.7
2012,12,PLF,Causes d'hospitalisation,Pathologies cardio-vasculaires,séjours,916.5,1099.8
2012,1,CFX,Causes d'hospitalisation,Pathologies cardio-vasculaires,séjours,763.75,824.85
2012,2,CFX,Causes d'hospitalisation,Pathologies cardio-vasculaires,séjours,687.38,687.38
2012,3,CFX,Causes d'hospitalisation,Pathologies cardio-vasculaires,séjours,611.0,1924.65
2012,4,CFX,Causes d'hospitalisation,Pathologies cardio-vasculaires,séjours,572.81,2612.03
2012,5,CFX,Causes d'hospitalisation,Pathologies cardio-vasculaires,séjours,534.62,1237.28
2012,6,CFX,Causes d'hospitalisation,Pathologies cardio-vasculaires,séjours,534.62,549.9
2012,7,CFX,Causes d'hospitalisation,Pathologies cardio-vasculaires,séjours,649.19,412.43
2012,8,CFX,Causes d'hospitalisation,Pathologies cardio-vasculaires,séjours,611.0,412.43
2012,9,CFX,Causes d'hospitalisation,Pathologies cardio-vasculaires,séjours,572.81,824.85
2012,10,CFX,Causes d'hospitalisation,Pathologies cardio-vasculaires,séjours,572.81,1512.22
2012,11,CFX,Causes d'hospitalisation,Pathologies cardio-vasculaires,séjours,611.0,1649.7
2012,12,CFX,Causes d'hospitalisation,Pathologies cardio-vasculaires,séjours,916.5,1099.8
2013,1,PLF,Causes d'hospitalisation,Pathologies cardio-vasculaires,séjours,774.8,836.78
2013,2,PLF,Causes d'hospitalisation,Pathologies cardio-vasculaires,séjours,697.32,697.32
2013,3,PLF,Causes d'hospitalisation,Pathologies cardio-vasculaires,séjours,619.84,1952.5
2013,4,PLF,Causes d'hospitalisation,Pathologies cardio-vasculaires,séjours,581.1,2649.82
2013,5,PLF,Causes d'hospitalisation,Pathologies cardio-vasculaires,séjours,542.36,1255.18
2013,6,PLF,Causes d'hospitalisation,Pathologies cardio-vasculaires,séjours,542.36,557.86
2013,7,PLF,Causes d'hospitalisation,Pathologies cardio-vasculaires,séjours,658.58,418.39
2013,8,PLF,Causes d'hospitalisation,Pathologies cardio-vasculaires,séjours,619.84,418.39
2013,9,PLF,Causes d'hospitalisation,Pathologies cardio-vasculaires,séjours,581.1,836.78
2013,10,PLF,Causes d'hospitalisation,Pathologies cardio-vasculaires,séjours,581.1,1534.1
2013,11,PLF,Causes d'hospitalisation,Pathologies cardio-vasculaires,séjours,619.84,1673.57
2013,12,PLF,Causes d'hospitalisation,Pathologies cardio-vasculaires,séjours,929.76,1115.71
2013,1,CFX,Causes d'hospitalisation,Pathologies cardio-vasculaires,séjours,774.8,836.78
2013,2,CFX,Causes d'hospitalisation,Pathologies cardio-vasculaires,séjours,697.32,697.32
2013,3,CFX,Causes d'hospitalisation,Pathologies cardio-vasculaires,séjours,619.84,1952.5
2013,4,CFX,Causes d'hospitalisation,Pathologies cardio-vasculaires,séjours,581.1,2649.82
2013,5,CFX,Causes d'hospitalisation,Pathologies cardio-vasculaires,séjours,542.36,1255.18
2013,6,CFX,Causes d'hospitalisation,Pathologies cardio-vasculaires,séjours,542.36,557.86
2013,7,CFX,Causes d'hospitalisation,Pathologies cardio-vasculaires,séjours,658.58,418.39
2013,8,CFX,Causes d'hospitalisation,Pathologies cardio-vasculaires,séjours,619.84,418.39
2013,9,CFX,Causes d'hospitalisation,Pathologies cardio-vasculaires,séjours,581.1,836.78
2013,10,CFX,Causes d'hospitalisation,Pathologies cardio-vasculaires,séjours,581.1,1534.1
2013,11,CFX,Causes d'hospitalisation,Pathologies cardio-vasculaires,séjours,619.84,1673.57
2013,12,CFX,Causes d'hospitalisation,Pathologies cardio-vasculaires,séjours,929.76,1115.71
2014,1,PLF,Causes d'hospitalisation,Pathologies cardio-vasculaires,séjours,785.85,848.72
2014,2,PLF,Causes d'hospitalisation,Pathologies cardio-vasculaires,séjours,707.26,707.26
2014,3,PLF,Causes d'hospitalisation,Pathologies cardio-vasculaires,séjours,628.68,1980.34
2014,4,PLF,Causes d'hospitalisation,Pathologies cardio-vasculaires,séjours,589.39,2687.61
2014,5,PLF,Causes d'hospitalisation,Pathologies cardio-vasculaires,séjours,550.1,1273.08
2014,6,PLF,Causes d'hospitalisation,Pathologies cardio-vasculaires,séjours,550.1,565.81
2014,7,PLF,Causes d'hospitalisation,Pathologies cardio-vasculaires,séjours,667.97,424.36
2014,8,PLF,Causes d'hospitalisation,Pathologies cardio-vasculaires,séjours,628.68,424.36
2014,9,PLF,Causes d'hospitalisation,Pathologies cardio-vasculaires,séjours,589.39,848.72
2014,10,PLF,Causes d'hospitalisation,Pathologies cardio-vasculaires,séjours,589.39,1555.98
2014,11,PLF,Causes d'hospitalisation,Pathologies cardio-vasculaires,séjours,628.68,1697.44
2014,12,PLF,Causes d'hospitalisation,Pathologies cardio-vasculaires,séjours,943.02,1131.62
2014,1,CFX,Causes d'hospitalisation,Pathologies cardio-vasculaires,séjours,785.85,848.72
2014,2,CFX,Causes d'hospitalisation,Pathologies cardio-vasculaires,séjours,707.26,707.26
2014,3,CFX,Causes d'hospitalisation,Pathologies cardio-vasculaires,séjours,628.68,1980.34
2014,4,CFX,Causes d'hospitalisation,Pathologies cardio-vasculaires,séjours,589.39,2687.61
2014,5,CFX,Causes d'hospitalisation,Pathologies cardio-vasculaires,séjours,550.1,1273.08
2014,6,CFX,Causes d'hospitalisation,Pathologies cardio-vasculaires,séjours,550.1,565.81
2014,7,CFX,Causes d'hospitalisation,Pathologies cardio-vasculaires,séjours,667.97,424.36
2014,8,CFX,Causes d'hospitalisation,Pathologies cardio-vasculaires,séjours,628.68,424.36
2014,9,CFX,Causes d'hospitalisation,Pathologies cardio-vasculaires,séjours,589.39,848.72
2014,10,CFX,Causes d'hospitalisation,Pathologies cardio-vasculaires,séjours,589.39,1555.98
2014,11,CFX,Causes d'hospitalisation,Pathologies cardio-vasculaires,séjours,628.68,1697.44
2014,12,CFX,Causes d'hospitalisation,Pathologies cardio-vasculaires,séjours,943.02,1131.62
2015,1,PLF,Causes d'hospitalisation,Pathologies cardio-vasculaires,séjours,796.9,860.65
2015,2,PLF,Causes d'hospitalisation,Pathologies cardio-vasculaires,séjours,717.21,717.21
2015,3,PLF,Causes d'hospitalisation,Pathologies cardio-vasculaires,séjours,637.52,2008.19
2015,4,PLF,Causes d'hospitalisation,Pathologies cardio-vasculaires,séjours,597.67,2725.4
2015,5,PLF,Causes d'hospitalisation,Pathologies cardio-vasculaires,séjours,557.83,1290.98
2015,6,PLF,Causes d'hospitalisation,Pathologies cardio-vasculaires,séjours,557.83,573.77
2015,7,PLF,Causes d'hospitalisation,Pathologies cardio-vasculaires,séjours,677.37,430.33
2015,8,PLF,Causes d'hospitalisation,Pathologies cardio-vasculaires,séjours,637.52,430.33
2015,9,PLF,Causes d'hospitalisation,Pathologies cardio-vasculaires,séjours,597.67,860.65
2015,10,PLF,Causes d'hospitalisation,Pathologies cardio-vasculaires,séjours,597.67,1577.86
2015,11,PLF,Causes d'hospitalisation,Pathologies cardio-vasculaires,séjours,637.52,1721.3
2015,12,PLF,Causes d'hospitalisation,Pathologies cardio-vasculaires,séjours,956.28,1147.54
2015,1,CFX,Causes d'hospitalisation,Pathologies cardio-vasculaires,séjours,796.9,860.65
2015,2,CFX,Causes d'hospitalisation,Pathologies cardio-vasculaires,séjours,717.21,717.21
2015,3,CFX,Causes d'hospitalisation,Pathologies cardio-vasculaires,séjours,637.52,2008.19
2015,4,CFX,Causes d'hospitalisation,Pathologies cardio-vasculaires,séjours,597.67,2725.4
2015,5,CFX,Causes d'hospitalisation,Pathologies cardio-vasculaires,séjours,557.83,1290.98
2015,6,CFX,Causes d'hospitalisation,Pathologies cardio-vasculaires,séjours,557.83,573.77
2015,7,CFX,Causes d'hospitalisation,Pathologies cardio-vasculaires,séjours,677.37,430.33
2015,8,CFX,Causes d'hospitalisation,Pathologies cardio-vasculaires,séjours,637.52,430.33
2015,9,CFX,Causes d'hospitalisation,Pathologies cardio-vasculaires,séjours,597.67,860.65
2015,10,CFX,Causes d'hospitalisation,Pathologies cardio-vasculaires,séjours,597.67,1577.86
2015,11,CFX,Causes d'hospitalisation,Pathologies cardio-vasculaires,séjours,637.52,1721.3
2015,12,CFX,Causes d'hospitalisation,Pathologies cardio-vasculaires,séjours,956.28,1147.54
2016,1,PLF,Causes d'hospitalisation,Pathologies cardio-vasculaires,séjours,796.9,860.65
2016,2,PLF,Causes d'hospitalisation,Pathologies cardio-vasculaires,séjours,717.21,717.21
2016,3,PLF,Causes d'hospitalisation,Pathologies cardio-vasculaires,séjours,637.52,2008.19
2016,4,PLF,Causes d'hospitalisation,Pathologies cardio-vasculaires,séjours,597.67,2725.4
2016,5,PLF,Causes d'hospitalisation,Pathologies cardio-vasculaires,séjours,557.83,1290.98
2016,6,PLF,Causes d'hospitalisation,Pathologies cardio-vasculaires,séjours,557.83,573.77
2016,7,PLF,Causes d'hospitalisation,Pathologies cardio-vasculaires,séjours,677.37,430.33
2016,8,PLF,Causes d'hospitalisation,Pathologies cardio-vasculaires,séjours,637.52,430.33
2016,9,PLF,Causes d'hospitalisation,Pathologies cardio-vasculaires,séjours,597.67,860.65
2016,10,PLF,Causes d'hospitalisation,Pathologies cardio-vasculaires,séjours,597.67,1577.86
2016,11,PLF,Causes d'hospitalisation,Pathologies cardio-vasculaires,séjours,637.52,1721.3
2016,12,PLF,Causes d'hospitalisation,Pathologies cardio-vasculaires,séjours,956.28,1147.54
2016,1,CFX,Causes d'hospitalisation,Pathologies cardio-vasculaires,séjours,796.9,860.65
2016,2,CFX,Causes d'hospitalisation,Pathologies cardio-vasculaires,séjours,717.21,717.21
2016,3,CFX,Causes d'hospitalisation,Pathologies cardio-vasculaires,séjours,637.52,2008.19
2016,4,CFX,Causes d'hospitalisation,Pathologies cardio-vasculaires,séjours,597.67,2725.4
2016,5,CFX,Causes d'hospitalisation,Pathologies cardio-vasculaires,séjours,557.83,1290.98
2016,6,CFX,Causes d'hospitalisation,Pathologies cardio-vasculaires,séjours,557.83,573.77
2016,7,CFX,Causes d'hospitalisation,Pathologies cardio-vasculaires,séjours,677.37,430.33
2016,8,CFX,Causes d'hospitalisation,Pathologies cardio-vasculaires,séjours,637.52,430.33
2016,9,CFX,Causes d'hospitalisation,Pathologies cardio-vasculaires,séjours,597.67,860.65
2016,10,CFX,Causes d'hospitalisation,Pathologies cardio-vasculaires,séjours,597.67,1577.86
2016,11,CFX,Causes d'hospitalisation,Pathologies cardio-vasculaires,séjours,637.52,1721.3
2016,12,CFX,Causes d'hospitalisation,Pathologies cardio-vasculaires,séjours,956.28,1147.54
2017,1,PLF,Causes d'hospitalisation,Pathologies cardio-vasculaires,séjours,796.9,860.65
2017,2,PLF,Causes d'hospitalisation,Pathologies cardio-vasculaires,séjours,717.21,717.21
2017,3,PLF,Causes d'hospitalisation,Pathologies cardio-vasculaires,séjours,637.52,2008.19
2017,4,PLF,Causes d'hospitalisation,Pathologies cardio-vasculaires,séjours,597.67,2725.4
2017,5,PLF,Causes d'hospitalisation,Pathologies cardio-vasculaires,séjours,557.83,1290.98
2017,6,PLF,Causes d'hospitalisation,Pathologies cardio-vasculaires,séjours,557.83,573.77
2017,7,PLF,Causes d'hospitalisation,Pathologies cardio-vasculaires,séjours,677.37,430.33
2017,8,PLF,Causes d'hospitalisation,Pathologies cardio-vasculaires,séjours,637.52,430.33
2017,9,PLF,Causes d'hospitalisation,Pathologies cardio-vasculaires,séjours,597.67,860.65
2017,10,PLF,Causes d'hospitalisation,Pathologies cardio-vasculaires,séjours,597.67,1577.86
2017,11,PLF,Causes d'hospitalisation,Pathologies cardio-vasculaires,séjours,637.52,1721.3
2017,12,PLF,Causes d'hospitalisation,Pathologies cardio-vasculaires,séjours,956.28,1147.54
2017,1,CFX,Causes d'hospitalisation,Pathologies cardio-vasculaires,séjours,796.9,860.65
2017,2,CFX,Causes d'hospitalisation,Pathologies cardio-vasculaires,séjours,717.21,717.21
2017,3,CFX,Causes d'hospitalisation,Pathologies cardio-vasculaires,séjours,637.52,2008.19
2017,4,CFX,Causes d'hospitalisation,Pathologies cardio-vasculaires,séjours,597.67,2725.4
2017,5,CFX,Causes d'hospitalisation,Pathologies cardio-vasculaires,séjours,557.83,1290.98
2017,6,CFX,Causes d'hospitalisation,Pathologies cardio-vasculaires,séjours,557.83,573.77
2017,7,CFX,Causes d'hospitalisation,Pathologies cardio-vasculaires,séjours,677.37,430.33
2017,8,CFX,Causes d'hospitalisation,Pathologies cardio-vasculaires,séjours,637.52,430.33
2017,9,CFX,Causes d'hospitalisation,Pathologies cardio-vasculaires,séjours,597.67,860.65
2017,10,CFX,Causes d'hospitalisation,Pathologies cardio-vasculaires,séjours,597.67,1577.86
2017,11,CFX,Causes d'hospitalisation,Pathologies cardio-vasculaires,séjours,637.52,1721.3
2017,12,CFX,Causes d'hospitalisation,Pathologies cardio-vasculaires,séjours,956.28,1147.54
2011,1,PLF,Causes d'hospitalisation,Pathologies de l'appareil digestif,séjours,314.3,339.44
2011,2,PLF,Causes d'hospitalisation,Pathologies de l'appareil digestif,séjours,282.87,282.87
2011,3,PLF,Causes d'hospitalisation,Pathologies de l'appareil digestif,séjours,251.44,792.04
2011,4,PLF,Causes d'hospitalisation,Pathologies de l'appareil digestif,séjours,235.72,1074.91
2011,5,PLF,Causes d'hospitalisation,Pathologies de l'appareil digestif,séjours,220.01,509.17
2011,6,PLF,Causes d'hospitalisation,Pathologies de l'appareil digestif,séjours,220.01,226.3
2011,7,PLF,Causes d'hospitalisation,Pathologies de l'appareil digestif,séjours,267.15,169.72
2011,8,PLF,Causes d'hospitalisation,Pathologies de l'appareil digestif,séjours,251.44,169.72
2011,9,PLF,Causes d'hospitalisation,Pathologies de l'appareil digestif,séjours,235.72,339.44
2011,10,PLF,Causes d'hospitalisation,Pathologies de l'appareil digestif,séjours,235.72,622.31
2011,11,PLF,Causes d'hospitalisation,Pathologies de l'appareil digestif,séjours,251.44,678.89
2011,12,PLF,Causes d'hospitalisation,Pathologies de l'appareil digestif,séjours,377.16,452.59
2011,1,CFX,Causes d'hospitalisation,Pathologies de l'appareil digestif,séjours,314.3,339.44
2011,2,CFX,Causes d'hospitalisation,Pathologies de l'appareil digestif,séjours,282.87,282.87
2011,3,CFX,Causes d'hospitalisation,Pathologies de l'appareil digestif,séjours,251.44,792.04
2011,4,CFX,Causes d'hospitalisation,Pathologies de l'appareil digestif,séjours,235.72,1074.91
2011,5,CFX,Causes d'hospitalisation,Pathologies de l'appareil digestif,séjours,220.01,509.17
2011,6,CFX,Causes d'hospitalisation,Pathologies de l'appareil digestif,séjours,220.01,226.3
2011,7,CFX,Causes d'hospitalisation,Pathologies de l'appareil digestif,séjours,267.15,169.72
2011,8,CFX,Causes d'hospitalisation,Pathologies de l'appareil digestif,séjours,251.44,169.72
2011,9,CFX,Causes d'hospitalisation,Pathologies de l'appareil digestif,séjours,235.72,339.44
2011,10,CFX,Causes d'hospitalisation,Pathologies de l'appareil digestif,séjours,235.72,622.31
2011,11,CFX,Causes d'hospitalisation,Pathologies de l'appareil digestif,séjours,251.44,678.89
2011,12,CFX,Causes d'hospitalisation,Pathologies de l'appareil digestif,séjours,377.16,452.59
2012,1,PLF,Causes d'hospitalisation,Pathologies de l'appareil digestif,séjours,314.3,339.44
2012,2,PLF,Causes d'hospitalisation,Pathologies de l'appareil digestif,séjours,282.87,282.87
2012,3,PLF,Causes d'hospitalisation,Pathologies de l'appareil digestif,séjours,251.44,792.04
2012,4,PLF,Causes d'hospitalisation,Pathologies de l'appareil digestif,séjours,235.72,1074.91
2012,5,PLF,Causes d'hospitalisation,Pathologies de l'appareil digestif,séjours,220.01,509.17
2012,6,PLF,Causes d'hospitalisation,Pathologies de l'appareil digestif,séjours,220.01,226.3
2012,7,PLF,Causes d'hospitalisation,Pathologies de l'appareil digestif,séjours,267.15,169.72
2012,8,PLF,Causes d'hospitalisation,Pathologies de l'appareil digestif,séjours,251.44,169.72
2012,9,PLF,Causes d'hospitalisation,Pathologies de l'appareil digestif,séjours,235.72,339.44
2012,10,PLF,Causes d'hospitalisation,Pathologies de l'appareil digestif,séjours,235.72,622.31
2012,11,PLF,Causes d'hospitalisation,Pathologies de l'appareil digestif,séjours,251.44,678.89
2012,12,PLF,Causes d'hospitalisation,Pathologies de l'appareil digestif,séjours,377.16,452.59
2012,1,CFX,Causes d'hospitalisation,Pathologies de l'appareil digestif,séjours,314.3,339.44
2012,2,CFX,Causes d'hospitalisation,Pathologies de l'appareil digestif,séjours,282.87,282.87
2012,3,CFX,Causes d'hospitalisation,Pathologies de l'appareil digestif,séjours,251.44,792.04
2012,4,CFX,Causes d'hospitalisation,Pathologies de l'appareil digestif,séjours,235.72,1074.91
2012,5,CFX,Causes d'hospitalisation,Pathologies de l'appareil digestif,séjours,220.01,509.17
2012,6,CFX,Causes d'hospitalisation,Pathologies de l'appareil digestif,séjours,220.01,226.3
2012,7,CFX,Causes d'hospitalisation,Pathologies de l'appareil digestif,séjours,267.15,169.72
2012,8,CFX,Causes d'hospitalisation,Pathologies de l'appareil digestif,séjours,251.44,169.72
2012,9,CFX,Causes d'hospitalisation,Pathologies de l'appareil digestif,séjours,235.72,339.44
2012,10,CFX,Causes d'hospitalisation,Pathologies de l'appareil digestif,séjours,235.72,622.31
2012,11,CFX,Causes d'hospitalisation,Pathologies de l'appareil digestif,séjours,251.44,678.89
2012,12,CFX,Causes d'hospitalisation,Pathologies de l'appareil digestif,séjours,377.16,452.59
2013,1,PLF,Causes d'hospitalisation,Pathologies de l'appareil digestif,séjours,352.3,380.48
2013,2,PLF,Causes d'hospitalisation,Pathologies de l'appareil digestif,séjours,317.07,317.07
2013,3,PLF,Causes d'hospitalisation,Pathologies de l'appareil digestif,séjours,281.84,887.8
2013,4,PLF,Causes d'hospitalisation,Pathologies de l'appareil digestif,séjours,264.23,1204.87
2013,5,PLF,Causes d'hospitalisation,Pathologies de l'appareil digestif,séjours,246.61,570.73
2013,6,PLF,Causes d'hospitalisation,Pathologies de l'appareil digestif,séjours,246.61,253.66
2013,7,PLF,Causes d'hospitalisation,Pathologies de l'appareil digestif,séjours,299.45,190.24
2013,8,PLF,Causes d'hospitalisation,Pathologies de l'appareil digestif,séjours,281.84,190.24
2013,9,PLF,Causes d'hospitalisation,Pathologies de l'appareil digestif,séjours,264.23,380.48
2013,10,PLF,Causes d'hospitalisation,Pathologies de l'appareil digestif,séjours,264.23,697.55
2013,11,PLF,Causes d'hospitalisation,Pathologies de l'appareil digestif,séjours,281.84,760.97
2013,12,PLF,Causes d'hospitalisation,Pathologies de l'appareil digestif,séjours,422.76,507.31
2013,1,CFX,Causes d'hospitalisation,Pathologies de l'appareil digestif,séjours,352.3,380.48
2013,2,CFX,Causes d'hospitalisation,Pathologies de l'appareil digestif,séjours,317.07,317.07
2013,3,CFX,Causes d'hospitalisation,Pathologies de l'appareil digestif,séjours,281.84,887.8
2013,4,CFX,Causes d'hospitalisation,Pathologies de l'appareil digestif,séjours,264.23,1204.87
2013,5,CFX,Causes d'hospitalisation,Pathologies de l'appareil digestif,séjours,246.61,570.73
2013,6,CFX,Causes d'hospitalisation,Pathologies de l'appareil digestif,séjours,246.61,253.66
2013,7,CFX,Causes d'hospitalisation,Pathologies de l'appareil digestif,séjours,299.45,190.24
2013,8,CFX,Causes d'hospitalisation,Pathologies de l'appareil digestif,séjours,281.84,190.24
2013,9,CFX,Causes d'hospitalisation,Pathologies de l'appareil digestif,séjours,264.23,380.48
2013,10,CFX,Causes d'hospitalisation,Pathologies de l'appareil digestif,séjours,264.23,697.55
2013,11,CFX,Causes d'hospitalisation,Pathologies de l'appareil digestif,séjours,281.84,760.97
2013,12,CFX,Causes d'hospitalisation,Pathologies de l'appareil digestif,séjours,422.76,507.31
2014,1,PLF,Causes d'hospitalisation,Pathologies de l'appareil digestif,séjours,390.3,421.52
2014,2,PLF,Causes d'hospitalisation,Pathologies de l'appareil digestif,séjours,351.27,351.27
2014,3,PLF,Causes d'hospitalisation,Pathologies de l'appareil digestif,séjours,312.24,983.56
2014,4,PLF,Causes d'hospitalisation,Pathologies de l'appareil digestif,séjours,292.73,1334.83
2014,5,PLF,Causes d'hospitalisation,Pathologies de l'appareil digestif,séjours,273.21,632.29
2014,6,PLF,Causes d'hospitalisation,Pathologies de l'appareil digestif,séjours,273.21,281.02
2014,7,PLF,Causes d'hospitalisation,Pathologies de l'appareil digestif,séjours,331.75,210.76
2014,8,PLF,Causes d'hospitalisation,Pathologies de l'appareil digestif,séjours,312.24,210.76
2014,9,PLF,Causes d'hospitalisation,Pathologies de l'appareil digestif,séjours,292.73,421.52
2014,10,PLF,Causes d'hospitalisation,Pathologies de l'appareil digestif,séjours,292.73,772.79
2014,11,PLF,Causes d'hospitalisation,Pathologies de l'appareil digestif,séjours,312.24,843.05
2014,12,PLF,Causes d'hospitalisation,Pathologies de l'appareil digestif,séjours,468.36,562.03
2014,1,CFX,Causes d'hospitalisation,Pathologies de l'appareil digestif,séjours,390.3,421.52
2014,2,CFX,Causes d'hospitalisation,Pathologies de l'appareil digestif,séjours,351.27,351.27
2014,3,CFX,Causes d'hospitalisation,Pathologies de l'appareil digestif,séjours,312.24,983.56
2014,4,CFX,Causes d'hospitalisation,Pathologies de l'appareil digestif,séjours,292.73,1334.83
2014,5,CFX,Causes d'hospitalisation,Pathologies de l'appareil digestif,séjours,273.21,632.29
2014,6,CFX,Causes d'hospitalisation,Pathologies de l'appareil digestif,séjours,273.21,281.02
2014,7,CFX,Causes d'hospitalisation,Pathologies de l'appareil digestif,séjours,331.75,210.76
2014,8,CFX,Causes d'hospitalisation,Pathologies de l'appareil digestif,séjours,312.24,210.76
2014,9,CFX,Causes d'hospitalisation,Pathologies de l'appareil digestif,séjours,292.73,421.52
2014,10,CFX,Causes d'hospitalisation,Pathologies de l'appareil digestif,séjours,292.73,772.79
2014,11,CFX,Causes d'hospitalisation,Pathologies de l'appareil digestif,séjours,312.24,843.05
2014,12,CFX,Causes d'hospitalisation,Pathologies de l'appareil digestif,séjours,468.36,562.03
2015,1,PLF,Causes d'hospitalisation,Pathologies de l'appareil digestif,séjours,428.3,462.56
2015,2,PLF,Causes d'hospitalisation,Pathologies de l'appareil digestif,séjours,385.47,385.47
2015,3,PLF,Causes d'hospitalisation,Pathologies de l'appareil digestif,séjours,342.64,1079.32
2015,4,PLF,Causes d'hospitalisation,Pathologies de l'appareil digestif,séjours,321.23,1464.79
2015,5,PLF,Causes d'hospitalisation,Pathologies de l'appareil digestif,séjours,299.81,693.85
2015,6,PLF,Causes d'hospitalisation,Pathologies de l'appareil digestif,séjours,299.81,308.38
2015,7,PLF,Causes d'hospitalisation,Pathologies de l'appareil digestif,séjours,364.06,231.28
2015,8,PLF,Causes d'hospitalisation,Pathologies de l'appareil digestif,séjours,342.64,231.28
2015,9,PLF,Causes d'hospitalisation,Pathologies de l'appareil digestif,séjours,321.23,462.56
2015,10,PLF,Causes d'hospitalisation,Pathologies de l'appareil digestif,séjours,321.23,848.03
2015,11,PLF,Causes d'hospitalisation,Pathologies de l'appareil digestif,séjours,342.64,925.13
2015,12,PLF,Causes d'hospitalisation,Pathologies de l'appareil digestif,séjours,513.96,616.75
2015,1,CFX,Causes d'hospitalisation,Pathologies de l'appareil digestif,séjours,428.3,462.56
2015,2,CFX,Causes d'hospitalisation,Pathologies de l'appareil digestif,séjours,385.47,385.47
2015,3,CFX,Causes d'hospitalisation,Pathologies de l'appareil digestif,séjours,342.64,1079.32
2015,4,CFX,Causes d'hospitalisation,Pathologies de l'appareil digestif,séjours,321.23,1464.79
2015,5,CFX,Causes d'hospitalisation,Pathologies de l'appareil digestif,séjours,299.81,693.85
2015,6,CFX,Causes d'hospitalisation,Pathologies de l'appareil digestif,séjours,299.81,308.38
2015,7,CFX,Causes d'hospitalisation,Pathologies de l'appareil digestif,séjours,364.06,231.28
2015,8,CFX,Causes d'hospitalisation,Pathologies de l'appareil digestif,séjours,342.64,231.28
2015,9,CFX,Causes d'hospitalisation,Pathologies de l'appareil digestif,séjours,321.23,462.56
2015,10,CFX,Causes d'hospitalisation,Pathologies de l'appareil digestif,séjours,321.23,848.03
2015,11,CFX,Causes d'hospitalisation,Pathologies de l'appareil digestif,séjours,342.64,925.13
2015,12,CFX,Causes d'hospitalisation,Pathologies de l'appareil digestif,séjours,513.96,616.75
2016,1,PLF,Causes d'hospitalisation,Pathologies de l'appareil digestif,séjours,428.3,462.56
2016,2,PLF,Causes d'hospitalisation,Pathologies de l'appareil digestif,séjours,385.47,385.47
2016,3,PLF,Causes d'hospitalisation,Pathologies de l'appareil digestif,séjours,342.64,1079.32
2016,4,PLF,Causes d'hospitalisation,Pathologies de l'appareil digestif,séjours,321.23,1464.79
2016,5,PLF,Causes d'hospitalisation,Pathologies de l'appareil digestif,séjours,299.81,693.85
2016,6,PLF,Causes d'hospitalisation,Pathologies de l'appareil digestif,séjours,299.81,308.38
2016,7,PLF,Causes d'hospitalisation,Pathologies de l'appareil digestif,séjours,364.06,231.28
2016,8,PLF,Causes d'hospitalisation,Pathologies de l'appareil digestif,séjours,342.64,231.28
2016,9,PLF,Causes d'hospitalisation,Pathologies de l'appareil digestif,séjours,321.23,462.56
2016,10,PLF,Causes d'hospitalisation,Pathologies de l'appareil digestif,séjours,321.23,848.03
2016,11,PLF,Causes d'hospitalisation,Pathologies de l'appareil digestif,séjours,342.64,925.13
2016,12,PLF,Causes d'hospitalisation,Pathologies de l'appareil digestif,séjours,513.96,616.75
2016,1,CFX,Causes d'hospitalisation,Pathologies de l'appareil digestif,séjours,428.3,462.56
2016,2,CFX,Causes d'hospitalisation,Pathologies de l'appareil digestif,séjours,385.47,385.47
2016,3,CFX,Causes d'hospitalisation,Pathologies de l'appareil digestif,séjours,342.64,1079.32
2016,4,CFX,Causes d'hospitalisation,Pathologies de l'appareil digestif,séjours,321.23,1464.79
2016,5,CFX,Causes d'hospitalisation,Pathologies de l'appareil digestif,séjours,299.81,693.85
2016,6,CFX,Causes d'hospitalisation,Pathologies de l'appareil digestif,séjours,299.81,308.38
2016,7,CFX,Causes d'hospitalisation,Pathologies de l'appareil digestif,séjours,364.06,231.28
2016,8,CFX,Causes d'hospitalisation,Pathologies de l'appareil digestif,séjours,342.64,231.28
2016,9,CFX,Causes d'hospitalisation,Pathologies de l'appareil digestif,séjours,321.23,462.56
2016,10,CFX,Causes d'hospitalisation,Pathologies de l'appareil digestif,séjours,321.23,848.03
2016,11,CFX,Causes d'hospitalisation,Pathologies de l'appareil digestif,séjours,342.64,925.13
2016,12,CFX,Causes d'hospitalisation,Pathologies de l'appareil digestif,séjours,513.96,616.75
2017,1,PLF,Causes d'hospitalisation,Pathologies de l'appareil digestif,séjours,428.3,462.56
2017,2,PLF,Causes d'hospitalisation,Pathologies de l'appareil digestif,séjours,385.47,385.47
2017,3,PLF,Causes d'hospitalisation,Pathologies de l'appareil digestif,séjours,342.64,1079.32
2017,4,PLF,Causes d'hospitalisation,Pathologies de l'appareil digestif,séjours,321.23,1464.79
2017,5,PLF,Causes d'hospitalisation,Pathologies de l'appareil digestif,séjours,299.81,693.85
2017,6,PLF,Causes d'hospitalisation,Pathologies de l'appareil digestif,séjours,299.81,308.38
2017,7,PLF,Causes d'hospitalisation,Pathologies de l'appareil digestif,séjours,364.06,231.28
2017,8,PLF,Causes d'hospitalisation,Pathologies de l'appareil digestif,séjours,342.64,231.28
2017,9,PLF,Causes d'hospitalisation,Pathologies de l'appareil digestif,séjours,321.23,462.56
2017,10,PLF,Causes d'hospitalisation,Pathologies de l'appareil digestif,séjours,321.23,848.03
2017,11,PLF,Causes d'hospitalisation,Pathologies de l'appareil digestif,séjours,342.64,925.13
2017,12,PLF,Causes d'hospitalisation,Pathologies de l'appareil digestif,séjours,513.96,616.75
2017,1,CFX,Causes d'hospitalisation,Pathologies de l'appareil digestif,séjours,428.3,462.56
2017,2,CFX,Causes d'hospitalisation,Pathologies de l'appareil digestif,séjours,385.47,385.47
2017,3,CFX,Causes d'hospitalisation,Pathologies de l'appareil digestif,séjours,342.64,1079.32
2017,4,CFX,Causes d'hospitalisation,Pathologies de l'appareil digestif,séjours,321.23,1464.79
2017,5,CFX,Causes d'hospitalisation,Pathologies de l'appareil digestif,séjours,299.81,693.85
2017,6,CFX,Causes d'hospitalisation,Pathologies de l'appareil digestif,séjours,299.81,308.38
2017,7,CFX,Causes d'hospitalisation,Pathologies de l'appareil digestif,séjours,364.06,231.28
2017,8,CFX,Causes d'hospitalisation,Pathologies de l'appareil digestif,séjours,342.64,231.28
2017,9,CFX,Causes d'hospitalisation,Pathologies de l'appareil digestif,séjours,321.23,462.56
2017,10,CFX,Causes d'hospitalisation,Pathologies de l'appareil digestif,séjours,321.23,848.03
2017,11,CFX,Causes d'hospitalisation,Pathologies de l'appareil digestif,séjours,342.64,925.13
2017,12,CFX,Causes d'hospitalisation,Pathologies de l'appareil digestif,séjours,513.96,616.75
2011,1,PLF,Causes d'hospitalisation,Pathologies de l'appareil génito-urinaire,séjours,598.3,646.16
2011,2,PLF,Causes d'hospitalisation,Pathologies de l'appareil génito-urinaire,séjours,538.47,538.47
2011,3,PLF,Causes d'hospitalisation,Pathologies de l'appareil génito-urinaire,séjours,478.64,1507.72
2011,4,PLF,Causes d'hospitalisation,Pathologies de l'appareil génito-urinaire,séjours,448.73,2046.19
2011,5,PLF,Causes d'hospitalisation,Pathologies de l'appareil génito-urinaire,séjours,418.81,969.25
2011,6,PLF,Causes d'hospitalisation,Pathologies de l'appareil génito-urinaire,séjours,418.81,430.78
2011,7,PLF,Causes d'hospitalisation,Pathologies de l'appareil génito-urinaire,séjours,508.56,323.08
2011,8,PLF,Causes d'hospitalisation,Pathologies de l'appareil génito-urinaire,séjours,478.64,323.08
2011,9,PLF,Causes d'hospitalisation,Pathologies de l'appareil génito-urinaire,séjours,448.73,646.16
2011,10,PLF,Causes d'hospitalisation,Pathologies de l'appareil génito-urinaire,séjours,448.73,1184.63
2011,11,PLF,Causes d'hospitalisation,Pathologies de l'appareil génito-urinaire,séjours,478.64,1292.33
2011,12,PLF,Causes d'hospitalisation,Pathologies de l'appareil génito-urinaire,séjours,717.96,861.55
2011,1,CFX,Causes d'hospitalisation,Pathologies de l'appareil génito-urinaire,séjours,598.3,646.16
2011,2,CFX,Causes d'hospitalisation,Pathologies de l'appareil génito-urinaire,séjours,538.47,538.47
2011,3,CFX,Causes d'hospitalisation,Pathologies de l'appareil génito-urinaire,séjours,478.64,1507.72
2011,4,CFX,Causes d'hospitalisation,Pathologies de l'appareil génito-urinaire,séjours,448.73,2046.19
2011,5,CFX,Causes d'hospitalisation,Pathologies de l'appareil génito-urinaire,séjours,418.81,969.25
2011,6,CFX,Causes d'hospitalisation,Pathologies de l'appareil génito-urinaire,séjours,418.81,430.78
2011,7,CFX,Causes d'hospitalisation,Pathologies de l'appareil génito-urinaire,séjours,508.56,323.08
2011,8,CFX,Causes d'hospitalisation,Pathologies de l'appareil génito-urinaire,séjours,478.64,323.08
2011,9,CFX,Causes d'hospitalisation,Pathologies de l'appareil génito-urinaire,séjours,448.73,646.16
2011,10,CFX,Causes d'hospitalisation,Pathologies de l'appareil génito-urinaire,séjours,448.73,1184.63
2011,11,CFX,Causes d'hospitalisation,Pathologies de l'appareil génito-urinaire,séjours,478.64,1292.33
2011,12,CFX,Causes d'hospitalisation,Pathologies de l'appareil génito-urinaire,séjours,717.96,861.55
2012,1,PLF,Causes d'hospitalisation,Pathologies de l'appareil génito-urinaire,séjours,598.3,646.16
2012,2,PLF,Causes d'hospitalisation,Pathologies de l'appareil génito-urinaire,séjours,538.47,538.47
2012,3,PLF,Causes d'hospitalisation,Pathologies de l'appareil génito-urinaire,séjours,478.64,1507.72
2012,4,PLF,Causes d'hospitalisation,Pathologies de l'appareil génito-urinaire,séjours,448.73,2046.19
2012,5,PLF,Causes d'hospitalisation,Pathologies de l'appareil génito-urinaire,séjours,418.81,969.25
2012,6,PLF,Causes d'hospitalisation,Pathologies de l'appareil génito-urinaire,séjours,418.81,430.78
2012,7,PLF,Causes d'hospitalisation,Pathologies de l'appareil génito-urinaire,séjours,508.56,323.08
2012,8,PLF,Causes d'hospitalisation,Pathologies de l'appareil génito-urinaire,séjours,478.64,323.08
2012,9,PLF,Causes d'hospitalisation,Pathologies de l'appareil génito-urinaire,séjours,448.73,646.16
2012,10,PLF,Causes d'hospitalisation,Pathologies de l'appareil génito-urinaire,séjours,448.73,1184.63
2012,11,PLF,Causes d'hospitalisation,Pathologies de l'appareil génito-urinaire,séjours,478.64,1292.33
2012,12,PLF,Causes d'hospitalisation,Pathologies de l'appareil génito-urinaire,séjours,717.96,861.55
2012,1,CFX,Causes d'hospitalisation,Pathologies de l'appareil génito-urinaire,séjours,598.3,646.16
2012,2,CFX,Causes d'hospitalisation,Pathologies de l'appareil génito-urinaire,séjours,538.47,538.47
2012,3,CFX,Causes d'hospitalisation,Pathologies de l'appareil génito-urinaire,séjours,478.64,1507.72
2012,4,CFX,Causes d'hospitalisation,Pathologies de l'appareil génito-urinaire,séjours,448.73,2046.19
2012,5,CFX,Causes d'hospitalisation,Pathologies de l'appareil génito-urinaire,séjours,418.81,969.25
2012,6,CFX,Causes d'hospitalisation,Pathologies de l'appareil génito-urinaire,séjours,418.81,430.78
2012,7,CFX,Causes d'hospitalisation,Pathologies de l'appareil génito-urinaire,séjours,508.56,323.08
2012,8,CFX,Causes d'hospitalisation,Pathologies de l'appareil génito-urinaire,séjours,478.64,323.08
2012,9,CFX,Causes d'hospitalisation,Pathologies de l'appareil génito-urinaire,séjours,448.73,646.16
2012,10,CFX,Causes d'hospitalisation,Pathologies de l'appareil génito-urinaire,séjours,448.73,1184.63
2012,11,CFX,Causes d'hospitalisation,Pathologies de l'appareil génito-urinaire,séjours,478.64,1292.33
2012,12,CFX,Causes d'hospitalisation,Pathologies de l'appareil génito-urinaire,séjours,717.96,861.55
2013,1,PLF,Causes d'hospitalisation,Pathologies de l'appareil génito-urinaire,séjours,601.43,649.55
2013,2,PLF,Causes d'hospitalisation,Pathologies de l'appareil génito-urinaire,séjours,541.29,541.29
2013,3,PLF,Causes d'hospitalisation,Pathologies de l'appareil génito-urinaire,séjours,481.15,1515.61
2013,4,PLF,Causes d'hospitalisation,Pathologies de l'appareil génito-urinaire,séjours,451.07,2056.9
2013,5,PLF,Causes d'hospitalisation,Pathologies de l'appareil génito-urinaire,séjours,421.0,974.32
2013,6,PLF,Causes d'hospitalisation,Pathologies de l'appareil génito-urinaire,séjours,421.0,433.03
2013,7,PLF,Causes d'hospitalisation,Pathologies de l'appareil génito-urinaire,séjours,511.22,324.77
2013,8,PLF,Causes d'hospitalisation,Pathologies de l'appareil génito-urinaire,séjours,481.15,324.77
2013,9,PLF,Causes d'hospitalisation,Pathologies de l'appareil génito-urinaire,séjours,451.07,649.55
2013,10,PLF,Causes d'hospitalisation,Pathologies de l'appareil génito-urinaire,séjours,451.07,1190.84
2013,11,PLF,Causes d'hospitalisation,Pathologies de l'appareil génito-urinaire,séjours,481.15,1299.09
2013,12,PLF,Causes d'hospitalisation,Pathologies de l'appareil génito-urinaire,séjours,721.72,866.06
2013,1,CFX,Causes d'hospitalisation,Pathologies de l'appareil génito-urinaire,séjours,601.43,649.55
2013,2,CFX,Causes d'hospitalisation,Pathologies de l'appareil génito-urinaire,séjours,541.29,541.29
2013,3,CFX,Causes d'hospitalisation,Pathologies de l'appareil génito-urinaire,séjours,481.15,1515.61
2013,4,CFX,Causes d'hospitalisation,Pathologies de l'appareil génito-urinaire,séjours,451.07,2056.9
2013,5,CFX,Causes d'hospitalisation,Pathologies de l'appareil génito-urinaire,séjours,421.0,974.32
2013,6,CFX,Causes d'hospitalisation,Pathologies de l'appareil génito-urinaire,séjours,421.0,433.03
2013,7,CFX,Causes d'hospitalisation,Pathologies de l'appareil génito-urinaire,séjours,511.22,324.77
2013,8,CFX,Causes d'hospitalisation,Pathologies de l'appareil génito-urinaire,séjours,481.15,324.77
2013,9,CFX,Causes d'hospitalisation,Pathologies de l'appareil génito-urinaire,séjours,451.07,649.55
2013,10,CFX,Causes d'hospitalisation,Pathologies de l'appareil génito-urinaire,séjours,451.07,1190.84
2013,11,CFX,Causes d'hospitalisation,Pathologies de l'appareil génito-urinaire,séjours,481.15,1299.09
2013,12,CFX,Causes d'hospitalisation,Pathologies de l'appareil génito-urinaire,séjours,721.72,866.06
2014,1,PLF,Causes d'hospitalisation,Pathologies de l'appareil génito-urinaire,séjours,604.57,652.93
2014,2,PLF,Causes d'hospitalisation,Pathologies de l'appareil génito-urinaire,séjours,544.11,544.11
2014,3,PLF,Causes d'hospitalisation,Pathologies de l'appareil génito-urinaire,séjours,483.65,1523.51
2014,4,PLF,Causes d'hospitalisation,Pathologies de l'appareil génito-urinaire,séjours,453.43,2067.62
2014,5,PLF,Causes d'hospitalisation,Pathologies de l'appareil génito-urinaire,séjours,423.2,979.4
2014,6,PLF,Causes d'hospitalisation,Pathologies de l'appareil génito-urinaire,séjours,423.2,435.29
2014,7,PLF,Causes d'hospitalisation,Pathologies de l'appareil génito-urinaire,séjours,513.88,326.47
2014,8,PLF,Causes d'hospitalisation,Pathologies de l'appareil génito-urinaire,séjours,483.65,326.47
2014,9,PLF,Causes d'hospitalisation,Pathologies de l'appareil génito-urinaire,séjours,453.43,652.93
2014,10,PLF,Causes d'hospitalisation,Pathologies de l'appareil génito-urinaire,séjours,453.43,1197.04
2014,11,PLF,Causes d'hospitalisation,Pathologies de l'appareil génito-urinaire,séjours,483.65,1305.87
2014,12,PLF,Causes d'hospitalisation,Pathologies de l'appareil génito-urinaire,séjours,725.48,870.58
2014,1,CFX,Causes d'hospitalisation,Pathologies de l'appareil génito-urinaire,séjours,604.57,652.93
2014,2,CFX,Causes d'hospitalisation,Pathologies de l'appareil génito-urinaire,séjours,544.11,544.11
2014,3,CFX,Causes d'hospitalisation,Pathologies de l'appareil génito-urinaire,séjours,483.65,1523.51
2014,4,CFX,Causes d'hospitalisation,Pathologies de l'appareil génito-urinaire,séjours,453.43,2067.62
2014,5,CFX,Causes d'hospitalisation,Pathologies de l'appareil génito-urinaire,séjours,423.2,979.4
2014,6,CFX,Causes d'hospitalisation,Pathologies de l'appareil génito-urinaire,séjours,423.2,435.29
2014,7,CFX,Causes d'hospitalisation,Pathologies de l'appareil génito-urinaire,séjours,513.88,326.47
2014,8,CFX,Causes d'hospitalisation,Pathologies de l'appareil génito-urinaire,séjours,483.65,326.47
2014,9,CFX,Causes d'hospitalisation,Pathologies de l'appareil génito-urinaire,séjours,453.43,652.93
2014,10,CFX,Causes d'hospitalisation,Pathologies de l'appareil génito-urinaire,séjours,453.43,1197.04
2014,11,CFX,Causes d'hospitalisation,Pathologies de l'appareil génito-urinaire,séjours,483.65,1305.87
2014,12,CFX,Causes d'hospitalisation,Pathologies de l'appareil génito-urinaire,séjours,725.48,870.58
2015,1,PLF,Causes d'hospitalisation,Pathologies de l'appareil génito-urinaire,séjours,607.7,656.32
2015,2,PLF,Causes d'hospitalisation,Pathologies de l'appareil génito-urinaire,séjours,546.93,546.93
2015,3,PLF,Causes d'hospitalisation,Pathologies de l'appareil génito-urinaire,séjours,486.16,1531.4
2015,4,PLF,Causes d'hospitalisation,Pathologies de l'appareil génito-urinaire,séjours,455.77,2078.33
2015,5,PLF,Causes d'hospitalisation,Pathologies de l'appareil génito-urinaire,séjours,425.39,984.47
2015,6,PLF,Causes d'hospitalisation,Pathologies de l'appareil génito-urinaire,séjours,425.39,437.54
2015,7,PLF,Causes d'hospitalisation,Pathologies de l'appareil génito-urinaire,séjours,516.54,328.16
2015,8,PLF,Causes d'hospitalisation,Pathologies de l'appareil génito-urinaire,séjours,486.16,328.16
2015,9,PLF,Causes d'hospitalisation,Pathologies de l'appareil génito-urinaire,séjours,455.77,656.32
2015,10,PLF,Causes d'hospitalisation,Pathologies de l'appareil génito-urinaire,séjours,455.77,1203.25
2015,11,PLF,Causes d'hospitalisation,Pathologies de l'appareil génito-urinaire,séjours,486.16,1312.63
2015,12,PLF,Causes d'hospitalisation,Pathologies de l'appareil génito-urinaire,séjours,729.24,875.09
2015,1,CFX,Causes d'hospitalisation,Pathologies de l'appareil génito-urinaire,séjours,607.7,656.32
2015,2,CFX,Causes d'hospitalisation,Pathologies de l'appareil génito-urinaire,séjours,546.93,546.93
2015,3,CFX,Causes d'hospitalisation,Pathologies de l'appareil génito-urinaire,séjours,486.16,1531.4
2015,4,CFX,Causes d'hospitalisation,Pathologies de l'appareil génito-urinaire,séjours,455.77,2078.33
2015,5,CFX,Causes d'hospitalisation,Pathologies de l'appareil génito-urinaire,séjours,425.39,984.47
2015,6,CFX,Causes d'hospitalisation,Pathologies de l'appareil génito-urinaire,séjours,425.39,437.54
2015,7,CFX,Causes d'hospitalisation,Pathologies de l'appareil génito-urinaire,séjours,516.54,328.16
2015,8,CFX,Causes d'hospitalisation,Pathologies de l'appareil génito-urinaire,séjours,486.16,328.16
2015,9,CFX,Causes d'hospitalisation,Pathologies de l'appareil génito-urinaire,séjours,455.77,656.32
2015,10,CFX,Causes d'hospitalisation,Pathologies de l'appareil génito-urinaire,séjours,455.77,1203.25
2015,11,CFX,Causes d'hospitalisation,Pathologies de l'appareil génito-urinaire,séjours,486.16,1312.63
2015,12,CFX,Causes d'hospitalisation,Pathologies de l'appareil génito-urinaire,séjours,729.24,875.09
2016,1,PLF,Causes d'hospitalisation,Pathologies de l'appareil génito-urinaire,séjours,607.7,656.32
2016,2,PLF,Causes d'hospitalisation,Pathologies de l'appareil génito-urinaire,séjours,546.93,546.93
2016,3,PLF,Causes d'hospitalisation,Pathologies de l'appareil génito-urinaire,séjours,486.16,1531.4
2016,4,PLF,Causes d'hospitalisation,Pathologies de l'appareil génito-urinaire,séjours,455.77,2078.33
2016,5,PLF,Causes d'hospitalisation,Pathologies de l'appareil génito-urinaire,séjours,425.39,984.47
2016,6,PLF,Causes d'hospitalisation,Pathologies de l'appareil génito-urinaire,séjours,425.39,437.54
2016,7,PLF,Causes d'hospitalisation,Pathologies de l'appareil génito-urinaire,séjours,516.54,328.16
2016,8,PLF,Causes d'hospitalisation,Pathologies de l'appareil génito-urinaire,séjours,486.16,328.16
2016,9,PLF,Causes d'hospitalisation,Pathologies de l'appareil génito-urinaire,séjours,455.77,656.32
2016,10,PLF,Causes d'hospitalisation,Pathologies de l'appareil génito-urinaire,séjours,455.77,1203.25
2016,11,PLF,Causes d'hospitalisation,Pathologies de l'appareil génito-urinaire,séjours,486.16,1312.63
2016,12,PLF,Causes d'hospitalisation,Pathologies de l'appareil génito-urinaire,séjours,729.24,875.09
2016,1,CFX,Causes d'hospitalisation,Pathologies de l'appareil génito-urinaire,séjours,607.7,656.32
2016,2,CFX,Causes d'hospitalisation,Pathologies de l'appareil génito-urinaire,séjours,546.93,546.93
2016,3,CFX,Causes d'hospitalisation,Pathologies de l'appareil génito-urinaire,séjours,486.16,1531.4
2016,4,CFX,Causes d'hospitalisation,Pathologies de l'appareil génito-urinaire,séjours,455.77,2078.33
2016,5,CFX,Causes d'hospitalisation,Pathologies de l'appareil génito-urinaire,séjours,425.39,984.47
2016,6,CFX,Causes d'hospitalisation,Pathologies de l'appareil génito-urinaire,séjours,425.39,437.54
2016,7,CFX,Causes d'hospitalisation,Pathologies de l'appareil génito-urinaire,séjours,516.54,328.16
2016,8,CFX,Causes d'hospitalisation,Pathologies de l'appareil génito-urinaire,séjours,486.16,328.16
2016,9,CFX,Causes d'hospitalisation,Pathologies de l'appareil génito-urinaire,séjours,455.77,656.32
2016,10,CFX,Causes d'hospitalisation,Pathologies de l'appareil génito-urinaire,séjours,455.77,1203.25
2016,11,CFX,Causes d'hospitalisation,Pathologies de l'appareil génito-urinaire,séjours,486.16,1312.63
2016,12,CFX,Causes d'hospitalisation,Pathologies de l'appareil génito-urinaire,séjours,729.24,875.09
2017,1,PLF,Causes d'hospitalisation,Pathologies de l'appareil génito-urinaire,séjours,607.7,656.32
2017,2,PLF,Causes d'hospitalisation,Pathologies de l'appareil génito-urinaire,séjours,546.93,546.93
2017,3,PLF,Causes d'hospitalisation,Pathologies de l'appareil génito-urinaire,séjours,486.16,1531.4
2017,4,PLF,Causes d'hospitalisation,Pathologies de l'appareil génito-urinaire,séjours,455.77,2078.33
2017,5,PLF,Causes d'hospitalisation,Pathologies de l'appareil génito-urinaire,séjours,425.39,984.47
2017,6,PLF,Causes d'hospitalisation,Pathologies de l'appareil génito-urinaire,séjours,425.39,437.54
2017,7,PLF,Causes d'hospitalisation,Pathologies de l'appareil génito-urinaire,séjours,516.54,328.16
2017,8,PLF,Causes d'hospitalisation,Pathologies de l'appareil génito-urinaire,séjours,486.16,328.16
2017,9,PLF,Causes d'hospitalisation,Pathologies de l'appareil génito-urinaire,séjours,455.77,656.32
2017,10,PLF,Causes d'hospitalisation,Pathologies de l'appareil génito-urinaire,séjours,455.77,1203.25
2017,11,PLF,Causes d'hospitalisation,Pathologies de l'appareil génito-urinaire,séjours,486.16,1312.63
2017,12,PLF,Causes d'hospitalisation,Pathologies de l'appareil génito-urinaire,séjours,729.24,875.09
2017,1,CFX,Causes d'hospitalisation,Pathologies de l'appareil génito-urinaire,séjours,607.7,656.32
2017,2,CFX,Causes d'hospitalisation,Pathologies de l'appareil génito-urinaire,séjours,546.93,546.93
2017,3,CFX,Causes d'hospitalisation,Pathologies de l'appareil génito-urinaire,séjours,486.16,1531.4
2017,4,CFX,Causes d'hospitalisation,Pathologies de l'appareil génito-urinaire,séjours,455.77,2078.33
2017,5,CFX,Causes d'hospitalisation,Pathologies de l'appareil génito-urinaire,séjours,425.39,984.47
2017,6,CFX,Causes d'hospitalisation,Pathologies de l'appareil génito-urinaire,séjours,425.39,437.54
2017,7,CFX,Causes d'hospitalisation,Pathologies de l'appareil génito-urinaire,séjours,516.54,328.16
2017,8,CFX,Causes d'hospitalisation,Pathologies de l'appareil génito-urinaire,séjours,486.16,328.16
2017,9,CFX,Causes d'hospitalisation,Pathologies de l'appareil génito-urinaire,séjours,455.77,656.32
2017,10,CFX,Causes d'hospitalisation,Pathologies de l'appareil génito-urinaire,séjours,455.77,1203.25
2017,11,CFX,Causes d'hospitalisation,Pathologies de l'appareil génito-urinaire,séjours,486.16,1312.63
2017,12,CFX,Causes d'hospitalisation,Pathologies de l'appareil génito-urinaire,séjours,729.24,875.09
2011,1,PLF,Causes d'hospitalisation,Pathologies endocriniennes / métaboliques / nutrition,séjours,580.55,626.99
2011,2,PLF,Causes d'hospitalisation,Pathologies endocriniennes / métaboliques / nutrition,séjours,522.5,522.5
2011,3,PLF,Causes d'hospitalisation,Pathologies endocriniennes / métaboliques / nutrition,séjours,464.44,1462.99
2011,4,PLF,Causes d'hospitalisation,Pathologies endocriniennes / métaboliques / nutrition,séjours,435.41,1985.48
2011,5,PLF,Causes d'hospitalisation,Pathologies endocriniennes / métaboliques / nutrition,séjours,406.38,940.49
2011,6,PLF,Causes d'hospitalisation,Pathologies endocriniennes / métaboliques / nutrition,séjours,406.38,418.0
2011,7,PLF,Causes d'hospitalisation,Pathologies endocriniennes / métaboliques / nutrition,séjours,493.47,313.5
2011,8,PLF,Causes d'hospitalisation,Pathologies endocriniennes / métaboliques / nutrition,séjours,464.44,313.5
2011,9,PLF,Causes d'hospitalisation,Pathologies endocriniennes / métaboliques / nutrition,séjours,435.41,626.99
2011,10,PLF,Causes d'hospitalisation,Pathologies endocriniennes / métaboliques / nutrition,séjours,435.41,1149.49
2011,11,PLF,Causes d'hospitalisation,Pathologies endocriniennes / métaboliques / nutrition,séjours,464.44,1253.99
2011,12,PLF,Causes d'hospitalisation,Pathologies endocriniennes / métaboliques / nutrition,séjours,696.66,835.99
2011,1,CFX,Causes d'hospitalisation,Pathologies endocriniennes / métaboliques / nutrition,séjours,580.55,626.99
2011,2,CFX,Causes d'hospitalisation,Pathologies endocriniennes / métaboliques / nutrition,séjours,522.5,522.5
2011,3,CFX,Causes d'hospitalisation,Pathologies endocriniennes / métaboliques / nutrition,séjours,464.44,1462.99
2011,4,CFX,Causes d'hospitalisation,Pathologies endocriniennes / métaboliques / nutrition,séjours,435.41,1985.48
2011,5,CFX,Causes d'hospitalisation,Pathologies endocriniennes / métaboliques / nutrition,séjours,406.38,940.49
2011,6,CFX,Causes d'hospitalisation,Pathologies endocriniennes / métaboliques / nutrition,séjours,406.38,418.0
2011,7,CFX,Causes d'hospitalisation,Pathologies endocriniennes / métaboliques / nutrition,séjours,493.47,313.5
2011,8,CFX,Causes d'hospitalisation,Pathologies endocriniennes / métaboliques / nutrition,séjours,464.44,313.5
2011,9,CFX,Causes d'hospitalisation,Pathologies endocriniennes / métaboliques / nutrition,séjours,435.41,626.99
2011,10,CFX,Causes d'hospitalisation,Pathologies endocriniennes / métaboliques / nutrition,séjours,435.41,1149.49
2011,11,CFX,Causes d'hospitalisation,Pathologies endocriniennes / métaboliques / nutrition,séjours,464.44,1253.99
2011,12,CFX,Causes d'hospitalisation,Pathologies endocriniennes / métaboliques / nutrition,séjours,696.66,835.99
2012,1,PLF,Causes d'hospitalisation,Pathologies endocriniennes / métaboliques / nutrition,séjours,580.55,626.99
2012,2,PLF,Causes d'hospitalisation,Pathologies endocriniennes / métaboliques / nutrition,séjours,522.5,522.5
2012,3,PLF,Causes d'hospitalisation,Pathologies endocriniennes / métaboliques / nutrition,séjours,464.44,1462.99
2012,4,PLF,Causes d'hospitalisation,Pathologies endocriniennes / métaboliques / nutrition,séjours,435.41,1985.48
2012,5,PLF,Causes d'hospitalisation,Pathologies endocriniennes / métaboliques / nutrition,séjours,406.38,940.49
2012,6,PLF,Causes d'hospitalisation,Pathologies endocriniennes / métaboliques / nutrition,séjours,406.38,418.0
2012,7,PLF,Causes d'hospitalisation,Pathologies endocriniennes / métaboliques / nutrition,séjours,493.47,313.5
2012,8,PLF,Causes d'hospitalisation,Pathologies endocriniennes / métaboliques / nutrition,séjours,464.44,313.5
2012,9,PLF,Causes d'hospitalisation,Pathologies endocriniennes / métaboliques / nutrition,séjours,435.41,626.99
2012,10,PLF,Causes d'hospitalisation,Pathologies endocriniennes / métaboliques / nutrition,séjours,435.41,1149.49
2012,11,PLF,Causes d'hospitalisation,Pathologies endocriniennes / métaboliques / nutrition,séjours,464.44,1253.99
2012,12,PLF,Causes d'hospitalisation,Pathologies endocriniennes / métaboliques / nutrition,séjours,696.66,835.99
2012,1,CFX,Causes d'hospitalisation,Pathologies endocriniennes / métaboliques / nutrition,séjours,580.55,626.99
2012,2,CFX,Causes d'hospitalisation,Pathologies endocriniennes / métaboliques / nutrition,séjours,522.5,522.5
2012,3,CFX,Causes d'hospitalisation,Pathologies endocriniennes / métaboliques / nutrition,séjours,464.44,1462.99
2012,4,CFX,Causes d'hospitalisation,Pathologies endocriniennes / métaboliques / nutrition,séjours,435.41,1985.48
2012,5,CFX,Causes d'hospitalisation,Pathologies endocriniennes / métaboliques / nutrition,séjours,406.38,940.49
2012,6,CFX,Causes d'hospitalisation,Pathologies endocriniennes / métaboliques / nutrition,séjours,406.38,418.0
2012,7,CFX,Causes d'hospitalisation,Pathologies endocriniennes / métaboliques / nutrition,séjours,493.47,313.5
2012,8,CFX,Causes d'hospitalisation,Pathologies endocriniennes / métaboliques / nutrition,séjours,464.44,313.5
2012,9,CFX,Causes d'hospitalisation,Pathologies endocriniennes / métaboliques / nutrition,séjours,435.41,626.99
2012,10,CFX,Causes d'hospitalisation,Pathologies endocriniennes / métaboliques / nutrition,séjours,435.41,1149.49
2012,11,CFX,Causes d'hospitalisation,Pathologies endocriniennes / métaboliques / nutrition,séjours,464.44,1253.99
2012,12,CFX,Causes d'hospitalisation,Pathologies endocriniennes / métaboliques / nutrition,séjours,696.66,835.99
2013,1,PLF,Causes d'hospitalisation,Pathologies endocriniennes / métaboliques / nutrition,séjours,596.23,643.93
2013,2,PLF,Causes d'hospitalisation,Pathologies endocriniennes / métaboliques / nutrition,séjours,536.61,536.61
2013,3,PLF,Causes d'hospitalisation,Pathologies endocriniennes / métaboliques / nutrition,séjours,476.99,1502.51
2013,4,PLF,Causes d'hospitalisation,Pathologies endocriniennes / métaboliques / nutrition,séjours,447.17,2039.12
2013,5,PLF,Causes d'hospitalisation,Pathologies endocriniennes / métaboliques / nutrition,séjours,417.36,965.9
2013,6,PLF,Causes d'hospitalisation,Pathologies endocriniennes / métaboliques / nutrition,séjours,417.36,429.29
2013,7,PLF,Causes d'hospitalisation,Pathologies endocriniennes / métaboliques / nutrition,séjours,506.8,321.97
2013,8,PLF,Causes d'hospitalisation,Pathologies endocriniennes / métaboliques / nutrition,séjours,476.99,321.97
2013,9,PLF,Causes d'hospitalisation,Pathologies endocriniennes / métaboliques / nutrition,séjours,447.17,643.93
2013,10,PLF,Causes d'hospitalisation,Pathologies endocriniennes / métaboliques / nutrition,séjours,447.17,1180.54
2013,11,PLF,Causes d'hospitalisation,Pathologies endocriniennes / métaboliques / nutrition,séjours,476.99,1287.86
2013,12,PLF,Causes d'hospitalisation,Pathologies endocriniennes / métaboliques / nutrition,séjours,715.48,858.58
2013,1,CFX,Causes d'hospitalisation,Pathologies endocriniennes / métaboliques / nutrition,séjours,596.23,643.93
2013,2,CFX,Causes d'hospitalisation,Pathologies endocriniennes / métaboliques / nutrition,séjours,536.61,536.61
2013,3,CFX,Causes d'hospitalisation,Pathologies endocriniennes / métaboliques / nutrition,séjours,476.99,1502.51
2013,4,CFX,Causes d'hospitalisation,Pathologies endocriniennes / métaboliques / nutrition,séjours,447.17,2039.12
2013,5,CFX,Causes d'hospitalisation,Pathologies endocriniennes / métaboliques / nutrition,séjours,417.36,965.9
2013,6,CFX,Causes d'hospitalisation,Pathologies endocriniennes / métaboliques / nutrition,séjours,417.36,429.29
2013,7,CFX,Causes d'hospitalisation,Pathologies endocriniennes / métaboliques / nutrition,séjours,506.8,321.97
2013,8,CFX,Causes d'hospitalisation,Pathologies endocriniennes / métaboliques / nutrition,séjours,476.99,321.97
2013,9,CFX,Causes d'hospitalisation,Pathologies endocriniennes / métaboliques / nutrition,séjours,447.17,643.93
2013,10,CFX,Causes d'hospitalisation,Pathologies endocriniennes / métaboliques / nutrition,séjours,447.17,1180.54
2013,11,CFX,Causes d'hospitalisation,Pathologies endocriniennes / métaboliques / nutrition,séjours,476.99,1287.86
2013,12,CFX,Causes d'hospitalisation,Pathologies endocriniennes / métaboliques / nutrition,séjours,715.48,858.58
2014,1,PLF,Causes d'hospitalisation,Pathologies endocriniennes / métaboliques / nutrition,séjours,611.92,660.87
2014,2,PLF,Causes d'hospitalisation,Pathologies endocriniennes / métaboliques / nutrition,séjours,550.73,550.73
2014,3,PLF,Causes d'hospitalisation,Pathologies endocriniennes / métaboliques / nutrition,séjours,489.53,1542.03
2014,4,PLF,Causes d'hospitalisation,Pathologies endocriniennes / métaboliques / nutrition,séjours,458.94,2092.76
2014,5,PLF,Causes d'hospitalisation,Pathologies endocriniennes / métaboliques / nutrition,séjours,428.34,991.31
2014,6,PLF,Causes d'hospitalisation,Pathologies endocriniennes / métaboliques / nutrition,séjours,428.34,440.58
2014,7,PLF,Causes d'hospitalisation,Pathologies endocriniennes / métaboliques / nutrition,séjours,520.13,330.44
2014,8,PLF,Causes d'hospitalisation,Pathologies endocriniennes / métaboliques / nutrition,séjours,489.53,330.44
2014,9,PLF,Causes d'hospitalisation,Pathologies endocriniennes / métaboliques / nutrition,séjours,458.94,660.87
2014,10,PLF,Causes d'hospitalisation,Pathologies endocriniennes / métaboliques / nutrition,séjours,458.94,1211.6
2014,11,PLF,Causes d'hospitalisation,Pathologies endocriniennes / métaboliques / nutrition,séjours,489.53,1321.74
2014,12,PLF,Causes d'hospitalisation,Pathologies endocriniennes / métaboliques / nutrition,séjours,734.3,881.16
2014,1,CFX,Causes d'hospitalisation,Pathologies endocriniennes / métaboliques / nutrition,séjours,611.92,660.87
2014,2,CFX,Causes d'hospitalisation,Pathologies endocriniennes / métaboliques / nutrition,séjours,550.73,550.73
2014,3,CFX,Causes d'hospitalisation,Pathologies endocriniennes / métaboliques / nutrition,séjours,489.53,1542.03
2014,4,CFX,Causes d'hospitalisation,Pathologies endocriniennes / métaboliques / nutrition,séjours,458.94,2092.76
2014,5,CFX,Causes d'hospitalisation,Pathologies endocriniennes / métaboliques / nutrition,séjours,428.34,991.31
2014,6,CFX,Causes d'hospitalisation,Pathologies endocriniennes / métaboliques / nutrition,séjours,428.34,440.58
2014,7,CFX,Causes d'hospitalisation,Pathologies endocriniennes / métaboliques / nutrition,séjours,520.13,330.44
2014,8,CFX,Causes d'hospitalisation,Pathologies endocriniennes / métaboliques / nutrition,séjours,489.53,330.44
2014,9,CFX,Causes d'hospitalisation,Pathologies endocriniennes / métaboliques / nutrition,séjours,458.94,660.87
2014,10,CFX,Causes d'hospitalisation,Pathologies endocriniennes / métaboliques / nutrition,séjours,458.94,1211.6
2014,11,CFX,Causes d'hospitalisation,Pathologies endocriniennes / métaboliques / nutrition,séjours,489.53,1321.74
2014,12,CFX,Causes d'hospitalisation,Pathologies endocriniennes / métaboliques / nutrition,séjours,734.3,881.16
2015,1,PLF,Causes d'hospitalisation,Pathologies endocriniennes / métaboliques / nutrition,séjours,627.6,677.81
2015,2,PLF,Causes d'hospitalisation,Pathologies endocriniennes / métaboliques / nutrition,séjours,564.84,564.84
2015,3,PLF,Causes d'hospitalisation,Pathologies endocriniennes / métaboliques / nutrition,séjours,502.08,1581.55
2015,4,PLF,Causes d'hospitalisation,Pathologies endocriniennes / métaboliques / nutrition,séjours,470.7,2146.39
2015,5,PLF,Causes d'hospitalisation,Pathologies endocriniennes / métaboliques / nutrition,séjours,439.32,1016.71
2015,6,PLF,Causes d'hospitalisation,Pathologies endocriniennes / métaboliques / nutrition,séjours,439.32,451.87
2015,7,PLF,Causes d'hospitalisation,Pathologies endocriniennes / métaboliques / nutrition,séjours,533.46,338.9
2015,8,PLF,Causes d'hospitalisation,Pathologies endocriniennes / métaboliques / nutrition,séjours,502.08,338.9
2015,9,PLF,Causes d'hospitalisation,Pathologies endocriniennes / métaboliques / nutrition,séjours,470.7,677.81
2015,10,PLF,Causes d'hospitalisation,Pathologies endocriniennes / métaboliques / nutrition,séjours,470.7,1242.65
2015,11,PLF,Causes d'hospitalisation,Pathologies endocriniennes / métaboliques / nutrition,séjours,502.08,1355.62
2015,12,PLF,Causes d'hospitalisation,Pathologies endocriniennes / métaboliques / nutrition,séjours,753.12,903.74
2015,1,CFX,Causes d'hospitalisation,Pathologies endocriniennes / métaboliques / nutrition,séjours,627.6,677.81
2015,2,CFX,Causes d'hospitalisation,Pathologies endocriniennes / métaboliques / nutrition,séjours,564.84,564.84
2015,3,CFX,Causes d'hospitalisation,Pathologies endocriniennes / métaboliques / nutrition,séjours,502.08,1581.55
2015,4,CFX,Causes d'hospitalisation,Pathologies endocriniennes / métaboliques / nutrition,séjours,470.7,2146.39
2015,5,CFX,Causes d'hospitalisation,Pathologies endocriniennes / métaboliques / nutrition,séjours,439.32,1016.71
2015,6,CFX,Causes d'hospitalisation,Pathologies endocriniennes / métaboliques / nutrition,séjours,439.32,451.87
2015,7,CFX,Causes d'hospitalisation,Pathologies endocriniennes / métaboliques / nutrition,séjours,533.46,338.9
2015,8,CFX,Causes d'hospitalisation,Pathologies endocriniennes / métaboliques / nutrition,séjours,502.08,338.9
2015,9,CFX,Causes d'hospitalisation,Pathologies endocriniennes / métaboliques / nutrition,séjours,470.7,677.81
2015,10,CFX,Causes d'hospitalisation,Pathologies endocriniennes / métaboliques / nutrition,séjours,470.7,1242.65
2015,11,CFX,Causes d'hospitalisation,Pathologies endocriniennes / métaboliques / nutrition,séjours,502.08,1355.62
2015,12,CFX,Causes d'hospitalisation,Pathologies endocriniennes / métaboliques / nutrition,séjours,753.12,903.74
2016,1,PLF,Causes d'hospitalisation,Pathologies endocriniennes / métaboliques / nutrition,séjours,627.6,677.81
2016,2,PLF,Causes d'hospitalisation,Pathologies endocriniennes / métaboliques / nutrition,séjours,564.84,564.84
2016,3,PLF,Causes d'hospitalisation,Pathologies endocriniennes / métaboliques / nutrition,séjours,502.08,1581.55
2016,4,PLF,Causes d'hospitalisation,Pathologies endocriniennes / métaboliques / nutrition,séjours,470.7,2146.39
2016,5,PLF,Causes d'hospitalisation,Pathologies endocriniennes / métaboliques / nutrition,séjours,439.32,1016.71
2016,6,PLF,Causes d'hospitalisation,Pathologies endocriniennes / métaboliques / nutrition,séjours,439.32,451.87
2016,7,PLF,Causes d'hospitalisation,Pathologies endocriniennes / métaboliques / nutrition,séjours,533.46,338.9
2016,8,PLF,Causes d'hospitalisation,Pathologies endocriniennes / métaboliques / nutrition,séjours,502.08,338.9
2016,9,PLF,Causes d'hospitalisation,Pathologies endocriniennes / métaboliques / nutrition,séjours,470.7,677.81
2016,10,PLF,Causes d'hospitalisation,Pathologies endocriniennes / métaboliques / nutrition,séjours,470.7,1242.65
2016,11,PLF,Causes d'hospitalisation,Pathologies endocriniennes / métaboliques / nutrition,séjours,502.08,1355.62
2016,12,PLF,Causes d'hospitalisation,Pathologies endocriniennes / métaboliques / nutrition,séjours,753.12,903.74
2016,1,CFX,Causes d'hospitalisation,Pathologies endocriniennes / métaboliques / nutrition,séjours,627.6,677.81
2016,2,CFX,Causes d'hospitalisation,Pathologies endocriniennes / métaboliques / nutrition,séjours,564.84,564.84
2016,3,CFX,Causes d'hospitalisation,Pathologies endocriniennes / métaboliques / nutrition,séjours,502.08,1581.55
2016,4,CFX,Causes d'hospitalisation,Pathologies endocriniennes / métaboliques / nutrition,séjours,470.7,2146.39
2016,5,CFX,Causes d'hospitalisation,Pathologies endocriniennes / métaboliques / nutrition,séjours,439.32,1016.71
2016,6,CFX,Causes d'hospitalisation,Pathologies endocriniennes / métaboliques / nutrition,séjours,439.32,451.87
2016,7,CFX,Causes d'hospitalisation,Pathologies endocriniennes / métaboliques / nutrition,séjours,533.46,338.9
2016,8,CFX,Causes d'hospitalisation,Pathologies endocriniennes / métaboliques / nutrition,séjours,502.08,338.9
2016,9,CFX,Causes d'hospitalisation,Pathologies endocriniennes / métaboliques / nutrition,séjours,470.7,677.81
2016,10,CFX,Causes d'hospitalisation,Pathologies endocriniennes / métaboliques / nutrition,séjours,470.7,1242.65
2016,11,CFX,Causes d'hospitalisation,Pathologies endocriniennes / métaboliques / nutrition,séjours,502.08,1355.62
2016,12,CFX,Causes d'hospitalisation,Pathologies endocriniennes / métaboliques / nutrition,séjours,753.12,903.74
2017,1,PLF,Causes d'hospitalisation,Pathologies endocriniennes / métaboliques / nutrition,séjours,627.6,677.81
2017,2,PLF,Causes d'hospitalisation,Pathologies endocriniennes / métaboliques / nutrition,séjours,564.84,564.84
2017,3,PLF,Causes d'hospitalisation,Pathologies endocriniennes / métaboliques / nutrition,séjours,502.08,1581.55
2017,4,PLF,Causes d'hospitalisation,Pathologies endocriniennes / métaboliques / nutrition,séjours,470.7,2146.39
2017,5,PLF,Causes d'hospitalisation,Pathologies endocriniennes / métaboliques / nutrition,séjours,439.32,1016.71
2017,6,PLF,Causes d'hospitalisation,Pathologies endocriniennes / métaboliques / nutrition,séjours,439.32,451.87
2017,7,PLF,Causes d'hospitalisation,Pathologies endocriniennes / métaboliques / nutrition,séjours,533.46,338.9
2017,8,PLF,Causes d'hospitalisation,Pathologies endocriniennes / métaboliques / nutrition,séjours,502.08,338.9
2017,9,PLF,Causes d'hospitalisation,Pathologies endocriniennes / métaboliques / nutrition,séjours,470.7,677.81
2017,10,PLF,Causes d'hospitalisation,Pathologies endocriniennes / métaboliques / nutrition,séjours,470.7,1242.65
2017,11,PLF,Causes d'hospitalisation,Pathologies endocriniennes / métaboliques / nutrition,séjours,502.08,1355.62
2017,12,PLF,Causes d'hospitalisation,Pathologies endocriniennes / métaboliques / nutrition,séjours,753.12,903.74
2017,1,CFX,Causes d'hospitalisation,Pathologies endocriniennes / métaboliques / nutrition,séjours,627.6,677.81
2017,2,CFX,Causes d'hospitalisation,Pathologies endocriniennes / métaboliques / nutrition,séjours,564.84,564.84
2017,3,CFX,Causes d'hospitalisation,Pathologies endocriniennes / métaboliques / nutrition,séjours,502.08,1581.55
2017,4,CFX,Causes d'hospitalisation,Pathologies endocriniennes / métaboliques / nutrition,séjours,470.7,2146.39
2017,5,CFX,Causes d'hospitalisation,Pathologies endocriniennes / métaboliques / nutrition,séjours,439.32,1016.71
2017,6,CFX,Causes d'hospitalisation,Pathologies endocriniennes / métaboliques / nutrition,séjours,439.32,451.87
2017,7,CFX,Causes d'hospitalisation,Pathologies endocriniennes / métaboliques / nutrition,séjours,533.46,338.9
2017,8,CFX,Causes d'hospitalisation,Pathologies endocriniennes / métaboliques / nutrition,séjours,502.08,338.9
2017,9,CFX,Causes d'hospitalisation,Pathologies endocriniennes / métaboliques / nutrition,séjours,470.7,677.81
2017,10,CFX,Causes d'hospitalisation,Pathologies endocriniennes / métaboliques / nutrition,séjours,470.7,1242.65
2017,11,CFX,Causes d'hospitalisation,Pathologies endocriniennes / métaboliques / nutrition,séjours,502.08,1355.62
2017,12,CFX,Causes d'hospitalisation,Pathologies endocriniennes / métaboliques / nutrition,séjours,753.12,903.74
2011,1,PLF,Causes d'hospitalisation,Pathologies infectieuses,séjours,177.25,191.43
2011,2,PLF,Causes d'hospitalisation,Pathologies infectieuses,séjours,159.53,159.53
2011,3,PLF,Causes d'hospitalisation,Pathologies infectieuses,séjours,141.8,446.67
2011,4,PLF,Causes d'hospitalisation,Pathologies infectieuses,séjours,132.94,606.2
2011,5,PLF,Causes d'hospitalisation,Pathologies infectieuses,séjours,124.08,287.14
2011,6,PLF,Causes d'hospitalisation,Pathologies infectieuses,séjours,124.08,127.62
2011,7,PLF,Causes d'hospitalisation,Pathologies infectieuses,séjours,150.66,95.72
2011,8,PLF,Causes d'hospitalisation,Pathologies infectieuses,séjours,141.8,95.72
2011,9,PLF,Causes d'hospitalisation,Pathologies infectieuses,séjours,132.94,191.43
2011,10,PLF,Causes d'hospitalisation,Pathologies infectieuses,séjours,132.94,350.95
2011,11,PLF,Causes d'hospitalisation,Pathologies infectieuses,séjours,141.8,382.86
2011,12,PLF,Causes d'hospitalisation,Pathologies infectieuses,séjours,212.7,255.24
2011,1,CFX,Causes d'hospitalisation,Pathologies infectieuses,séjours,177.25,191.43
2011,2,CFX,Causes d'hospitalisation,Pathologies infectieuses,séjours,159.53,159.53
2011,3,CFX,Causes d'hospitalisation,Pathologies infectieuses,séjours,141.8,446.67
2011,4,CFX,Causes d'hospitalisation,Pathologies infectieuses,séjours,132.94,606.2
2011,5,CFX,Causes d'hospitalisation,Pathologies infectieuses,séjours,124.08,287.14
2011,6,CFX,Causes d'hospitalisation,Pathologies infectieuses,séjours,124.08,127.62
2011,7,CFX,Causes d'hospitalisation,Pathologies infectieuses,séjours,150.66,95.72
2011,8,CFX,Causes d'hospitalisation,Pathologies infectieuses,séjours,141.8,95.72
2011,9,CFX,Causes d'hospitalisation,Pathologies infectieuses,séjours,132.94,191.43
2011,10,CFX,Causes d'hospitalisation,Pathologies infectieuses,séjours,132.94,350.95
2011,11,CFX,Causes d'hospitalisation,Pathologies infectieuses,séjours,141.8,382.86
2011,12,CFX,Causes d'hospitalisation,Pathologies infectieuses,séjours,212.7,255.24
2012,1,PLF,Causes d'hospitalisation,Pathologies infectieuses,séjours,177.25,191.43
2012,2,PLF,Causes d'hospitalisation,Pathologies infectieuses,séjours,159.53,159.53
2012,3,PLF,Causes d'hospitalisation,Pathologies infectieuses,séjours,141.8,446.67
2012,4,PLF,Causes d'hospitalisation,Pathologies infectieuses,séjours,132.94,606.2
2012,5,PLF,Causes d'hospitalisation,Pathologies infectieuses,séjours,124.08,287.14
2012,6,PLF,Causes d'hospitalisation,Pathologies infectieuses,séjours,124.08,127.62
2012,7,PLF,Causes d'hospitalisation,Pathologies infectieuses,séjours,150.66,95.72
2012,8,PLF,Causes d'hospitalisation,Pathologies infectieuses,séjours,141.8,95.72
2012,9,PLF,Causes d'hospitalisation,Pathologies infectieuses,séjours,132.94,191.43
2012,10,PLF,Causes d'hospitalisation,Pathologies infectieuses,séjours,132.94,350.95
2012,11,PLF,Causes d'hospitalisation,Pathologies infectieuses,séjours,141.8,382.86
2012,12,PLF,Causes d'hospitalisation,Pathologies infectieuses,séjours,212.7,255.24
2012,1,CFX,Causes d'hospitalisation,Pathologies infectieuses,séjours,177.25,191.43
2012,2,CFX,Causes d'hospitalisation,Pathologies infectieuses,séjours,159.53,159.53
2012,3,CFX,Causes d'hospitalisation,Pathologies infectieuses,séjours,141.8,446.67
2012,4,CFX,Causes d'hospitalisation,Pathologies infectieuses,séjours,132.94,606.2
2012,5,CFX,Causes d'hospitalisation,Pathologies infectieuses,séjours,124.08,287.14
2012,6,CFX,Causes d'hospitalisation,Pathologies infectieuses,séjours,124.08,127.62
2012,7,CFX,Causes d'hospitalisation,Pathologies infectieuses,séjours,150.66,95.72
2012,8,CFX,Causes d'hospitalisation,Pathologies infectieuses,séjours,141.8,95.72
2012,9,CFX,Causes d'hospitalisation,Pathologies infectieuses,séjours,132.94,191.43
2012,10,CFX,Causes d'hospitalisation,Pathologies infectieuses,séjours,132.94,350.95
2012,11,CFX,Causes d'hospitalisation,Pathologies infectieuses,séjours,141.8,382.86
2012,12,CFX,Causes d'hospitalisation,Pathologies infectieuses,séjours,212.7,255.24
2013,1,PLF,Causes d'hospitalisation,Pathologies infectieuses,séjours,177.37,191.56
2013,2,PLF,Causes d'hospitalisation,Pathologies infectieuses,séjours,159.63,159.63
2013,3,PLF,Causes d'hospitalisation,Pathologies infectieuses,séjours,141.89,446.97
2013,4,PLF,Causes d'hospitalisation,Pathologies infectieuses,séjours,133.03,606.6
2013,5,PLF,Causes d'hospitalisation,Pathologies infectieuses,séjours,124.16,287.33
2013,6,PLF,Causes d'hospitalisation,Pathologies infectieuses,séjours,124.16,127.7
2013,7,PLF,Causes d'hospitalisation,Pathologies infectieuses,séjours,150.76,95.78
2013,8,PLF,Causes d'hospitalisation,Pathologies infectieuses,séjours,141.89,95.78
2013,9,PLF,Causes d'hospitalisation,Pathologies infectieuses,séjours,133.03,191.56
2013,10,PLF,Causes d'hospitalisation,Pathologies infectieuses,séjours,133.03,351.19
2013,11,PLF,Causes d'hospitalisation,Pathologies infectieuses,séjours,141.89,383.11
2013,12,PLF,Causes d'hospitalisation,Pathologies infectieuses,séjours,212.84,255.41
2013,1,CFX,Causes d'hospitalisation,Pathologies infectieuses,séjours,177.37,191.56
2013,2,CFX,Causes d'hospitalisation,Pathologies infectieuses,séjours,159.63,159.63
2013,3,CFX,Causes d'hospitalisation,Pathologies infectieuses,séjours,141.89,446.97
2013,4,CFX,Causes d'hospitalisation,Pathologies infectieuses,séjours,133.03,606.6
2013,5,CFX,Causes d'hospitalisation,Pathologies infectieuses,séjours,124.16,287.33
2013,6,CFX,Causes d'hospitalisation,Pathologies infectieuses,séjours,124.16,127.7
2013,7,CFX,Causes d'hospitalisation,Pathologies infectieuses,séjours,150.76,95.78
2013,8,CFX,Causes d'hospitalisation,Pathologies infectieuses,séjours,141.89,95.78
2013,9,CFX,Causes d'hospitalisation,Pathologies infectieuses,séjours,133.03,191.56
2013,10,CFX,Causes d'hospitalisation,Pathologies infectieuses,séjours,133.03,351.19
2013,11,CFX,Causes d'hospitalisation,Pathologies infectieuses,séjours,141.89,383.11
2013,12,CFX,Causes d'hospitalisation,Pathologies infectieuses,séjours,212.84,255.41
2014,1,PLF,Causes d'hospitalisation,Pathologies infectieuses,séjours,177.48,191.68
2014,2,PLF,Causes d'hospitalisation,Pathologies infectieuses,séjours,159.73,159.73
2014,3,PLF,Causes d'hospitalisation,Pathologies infectieuses,séjours,141.99,447.26
2014,4,PLF,Causes d'hospitalisation,Pathologies infectieuses,séjours,133.11,606.99
2014,5,PLF,Causes d'hospitalisation,Pathologies infectieuses,séjours,124.24,287.52
2014,6,PLF,Causes d'hospitalisation,Pathologies infectieuses,séjours,124.24,127.79
2014,7,PLF,Causes d'hospitalisation,Pathologies infectieuses,séjours,150.86,95.84
2014,8,PLF,Causes d'hospitalisation,Pathologies infectieuses,séjours,141.99,95.84
2014,9,PLF,Causes d'hospitalisation,Pathologies infectieuses,séjours,133.11,191.68
2014,10,PLF,Causes d'hospitalisation,Pathologies infectieuses,séjours,133.11,351.42
2014,11,PLF,Causes d'hospitalisation,Pathologies infectieuses,séjours,141.99,383.36
2014,12,PLF,Causes d'hospitalisation,Pathologies infectieuses,séjours,212.98,255.58
2014,1,CFX,Causes d'hospitalisation,Pathologies infectieuses,séjours,177.48,191.68
2014,2,CFX,Causes d'hospitalisation,Pathologies infectieuses,séjours,159.73,159.73
2014,3,CFX,Causes d'hospitalisation,Pathologies infectieuses,séjours,141.99,447.26
2014,4,CFX,Causes d'hospitalisation,Pathologies infectieuses,séjours,133.11,606.99
2014,5,CFX,Causes d'hospitalisation,Pathologies infectieuses,séjours,124.24,287.52
2014,6,CFX,Causes d'hospitalisation,Pathologies infectieuses,séjours,124.24,127.79
2014,7,CFX,Causes d'hospitalisation,Pathologies infectieuses,séjours,150.86,95.84
2014,8,CFX,Causes d'hospitalisation,Pathologies infectieuses,séjours,141.99,95.84
2014,9,CFX,Causes d'hospitalisation,Pathologies infectieuses,séjours,133.11,191.68
2014,10,CFX,Causes d'hospitalisation,Pathologies infectieuses,séjours,133.11,351.42
2014,11,CFX,Causes d'hospitalisation,Pathologies infectieuses,séjours,141.99,383.36
2014,12,CFX,Causes d'hospitalisation,Pathologies infectieuses,séjours,212.98,255.58
2015,1,PLF,Causes d'hospitalisation,Pathologies infectieuses,séjours,177.6,191.81
2015,2,PLF,Causes d'hospitalisation,Pathologies infectieuses,séjours,159.84,159.84
2015,3,PLF,Causes d'hospitalisation,Pathologies infectieuses,séjours,142.08,447.55
2015,4,PLF,Causes d'hospitalisation,Pathologies infectieuses,séjours,133.2,607.39
2015,5,PLF,Causes d'hospitalisation,Pathologies infectieuses,séjours,124.32,287.71
2015,6,PLF,Causes d'hospitalisation,Pathologies infectieuses,séjours,124.32,127.87
2015,7,PLF,Causes d'hospitalisation,Pathologies infectieuses,séjours,150.96,95.9
2015,8,PLF,Causes d'hospitalisation,Pathologies infectieuses,séjours,142.08,95.9
2015,9,PLF,Causes d'hospitalisation,Pathologies infectieuses,séjours,133.2,191.81
2015,10,PLF,Causes d'hospitalisation,Pathologies infectieuses,séjours,133.2,351.65
2015,11,PLF,Causes d'hospitalisation,Pathologies infectieuses,séjours,142.08,383.62
2015,12,PLF,Causes d'hospitalisation,Pathologies infectieuses,séjours,213.12,255.74
2015,1,CFX,Causes d'hospitalisation,Pathologies infectieuses,séjours,177.6,191.81
2015,2,CFX,Causes d'hospitalisation,Pathologies infectieuses,séjours,159.84,159.84
2015,3,CFX,Causes d'hospitalisation,Pathologies infectieuses,séjours,142.08,447.55
2015,4,CFX,Causes d'hospitalisation,Pathologies infectieuses,séjours,133.2,607.39
2015,5,CFX,Causes d'hospitalisation,Pathologies infectieuses,séjours,124.32,287.71
2015,6,CFX,Causes d'hospitalisation,Pathologies infectieuses,séjours,124.32,127.87
2015,7,CFX,Causes d'hospitalisation,Pathologies infectieuses,séjours,150.96,95.9
2015,8,CFX,Causes d'hospitalisation,Pathologies infectieuses,séjours,142.08,95.9
2015,9,CFX,Causes d'hospitalisation,Pathologies infectieuses,séjours,133.2,191.81
2015,10,CFX,Causes d'hospitalisation,Pathologies infectieuses,séjours,133.2,351.65
2015,11,CFX,Causes d'hospitalisation,Pathologies infectieuses,séjours,142.08,383.62
2015,12,CFX,Causes d'hospitalisation,Pathologies infectieuses,séjours,213.12,255.74
2016,1,PLF,Causes d'hospitalisation,Pathologies infectieuses,séjours,177.6,191.81
2016,2,PLF,Causes d'hospitalisation,Pathologies infectieuses,séjours,159.84,159.84
2016,3,PLF,Causes d'hospitalisation,Pathologies infectieuses,séjours,142.08,447.55
2016,4,PLF,Causes d'hospitalisation,Pathologies infectieuses,séjours,133.2,607.39
2016,5,PLF,Causes d'hospitalisation,Pathologies infectieuses,séjours,124.32,287.71
2016,6,PLF,Causes d'hospitalisation,Pathologies infectieuses,séjours,124.32,127.87
2016,7,PLF,Causes d'hospitalisation,Pathologies infectieuses,séjours,150.96,95.9
2016,8,PLF,Causes d'hospitalisation,Pathologies infectieuses,séjours,142.08,95.9
2016,9,PLF,Causes d'hospitalisation,Pathologies infectieuses,séjours,133.2,191.81
2016,10,PLF,Causes d'hospitalisation,Pathologies infectieuses,séjours,133.2,351.65
2016,11,PLF,Causes d'hospitalisation,Pathologies infectieuses,séjours,142.08,383.62
2016,12,PLF,Causes d'hospitalisation,Pathologies infectieuses,séjours,213.12,255.74
2016,1,CFX,Causes d'hospitalisation,Pathologies infectieuses,séjours,177.6,191.81
2016,2,CFX,Causes d'hospitalisation,Pathologies infectieuses,séjours,159.84,159.84
2016,3,CFX,Causes d'hospitalisation,Pathologies infectieuses,séjours,142.08,447.55
2016,4,CFX,Causes d'hospitalisation,Pathologies infectieuses,séjours,133.2,607.39
2016,5,CFX,Causes d'hospitalisation,Pathologies infectieuses,séjours,124.32,287.71
2016,6,CFX,Causes d'hospitalisation,Pathologies infectieuses,séjours,124.32,127.87
2016,7,CFX,Causes d'hospitalisation,Pathologies infectieuses,séjours,150.96,95.9
2016,8,CFX,Causes d'hospitalisation,Pathologies infectieuses,séjours,142.08,95.9
2016,9,CFX,Causes d'hospitalisation,Pathologies infectieuses,séjours,133.2,191.81
2016,10,CFX,Causes d'hospitalisation,Pathologies infectieuses,séjours,133.2,351.65
2016,11,CFX,Causes d'hospitalisation,Pathologies infectieuses,séjours,142.08,383.62
2016,12,CFX,Causes d'hospitalisation,Pathologies infectieuses,séjours,213.12,255.74
2017,1,PLF,Causes d'hospitalisation,Pathologies infectieuses,séjours,177.6,191.81
2017,2,PLF,Causes d'hospitalisation,Pathologies infectieuses,séjours,159.84,159.84
2017,3,PLF,Causes d'hospitalisation,Pathologies infectieuses,séjours,142.08,447.55
2017,4,PLF,Causes d'hospitalisation,Pathologies infectieuses,séjours,133.2,607.39
2017,5,PLF,Causes d'hospitalisation,Pathologies infectieuses,séjours,124.32,287.71
2017,6,PLF,Causes d'hospitalisation,Pathologies infectieuses,séjours,124.32,127.87
2017,7,PLF,Causes d'hospitalisation,Pathologies infectieuses,séjours,150.96,95.9
2017,8,PLF,Causes d'hospitalisation,Pathologies infectieuses,séjours,142.08,95.9
2017,9,PLF,Causes d'hospitalisation,Pathologies infectieuses,séjours,133.2,191.81
2017,10,PLF,Causes d'hospitalisation,Pathologies infectieuses,séjours,133.2,351.65
2017,11,PLF,Causes d'hospitalisation,Pathologies infectieuses,séjours,142.08,383.62
2017,12,PLF,Causes d'hospitalisation,Pathologies infectieuses,séjours,213.12,255.74
2017,1,CFX,Causes d'hospitalisation,Pathologies infectieuses,séjours,177.6,191.81
2017,2,CFX,Causes d'hospitalisation,Pathologies infectieuses,séjours,159.84,159.84
2017,3,CFX,Causes d'hospitalisation,Pathologies infectieuses,séjours,142.08,447.55
2017,4,CFX,Causes d'hospitalisation,Pathologies infectieuses,séjours,133.2,607.39
2017,5,CFX,Causes d'hospitalisation,Pathologies infectieuses,séjours,124.32,287.71
2017,6,CFX,Causes d'hospitalisation,Pathologies infectieuses,séjours,124.32,127.87
2017,7,CFX,Causes d'hospitalisation,Pathologies infectieuses,séjours,150.96,95.9
2017,8,CFX,Causes d'hospitalisation,Pathologies infectieuses,séjours,142.08,95.9
2017,9,CFX,Causes d'hospitalisation,Pathologies infectieuses,séjours,133.2,191.81
2017,10,CFX,Causes d'hospitalisation,Pathologies infectieuses,séjours,133.2,351.65
2017,11,CFX,Causes d'hospitalisation,Pathologies infectieuses,séjours,142.08,383.62
2017,12,CFX,Causes d'hospitalisation,Pathologies infectieuses,séjours,213.12,255.74
2011,1,PLF,Causes d'hospitalisation,Pathologies neurologiques,séjours,1292.15,1395.52
2011,2,PLF,Causes d'hospitalisation,Pathologies neurologiques,séjours,1162.93,1162.93
2011,3,PLF,Causes d'hospitalisation,Pathologies neurologiques,séjours,1033.72,3256.22
2011,4,PLF,Causes d'hospitalisation,Pathologies neurologiques,séjours,969.11,4419.15
2011,5,PLF,Causes d'hospitalisation,Pathologies neurologiques,séjours,904.5,2093.28
2011,6,PLF,Causes d'hospitalisation,Pathologies neurologiques,séjours,904.5,930.35
2011,7,PLF,Causes d'hospitalisation,Pathologies neurologiques,séjours,1098.33,697.76
2011,8,PLF,Causes d'hospitalisation,Pathologies neurologiques,séjours,1033.72,697.76
2011,9,PLF,Causes d'hospitalisation,Pathologies neurologiques,séjours,969.11,1395.52
2011,10,PLF,Causes d'hospitalisation,Pathologies neurologiques,séjours,969.11,2558.46
2011,11,PLF,Causes d'hospitalisation,Pathologies neurologiques,séjours,1033.72,2791.04
2011,12,PLF,Causes d'hospitalisation,Pathologies neurologiques,séjours,1550.58,1860.7
2011,1,CFX,Causes d'hospitalisation,Pathologies neurologiques,séjours,1292.15,1395.52
2011,2,CFX,Causes d'hospitalisation,Pathologies neurologiques,séjours,1162.93,1162.93
2011,3,CFX,Causes d'hospitalisation,Pathologies neurologiques,séjours,1033.72,3256.22
2011,4,CFX,Causes d'hospitalisation,Pathologies neurologiques,séjours,969.11,4419.15
2011,5,CFX,Causes d'hospitalisation,Pathologies neurologiques,séjours,904.5,2093.28
2011,6,CFX,Causes d'hospitalisation,Pathologies neurologiques,séjours,904.5,930.35
2011,7,CFX,Causes d'hospitalisation,Pathologies neurologiques,séjours,1098.33,697.76
2011,8,CFX,Causes d'hospitalisation,Pathologies neurologiques,séjours,1033.72,697.76
2011,9,CFX,Causes d'hospitalisation,Pathologies neurologiques,séjours,969.11,1395.52
2011,10,CFX,Causes d'hospitalisation,Pathologies neurologiques,séjours,969.11,2558.46
2011,11,CFX,Causes d'hospitalisation,Pathologies neurologiques,séjours,1033.72,2791.04
2011,12,CFX,Causes d'hospitalisation,Pathologies neurologiques,séjours,1550.58,1860.7
2012,1,PLF,Causes d'hospitalisation,Pathologies neurologiques,séjours,1292.15,1395.52
2012,2,PLF,Causes d'hospitalisation,Pathologies neurologiques,séjours,1162.93,1162.93
2012,3,PLF,Causes d'hospitalisation,Pathologies neurologiques,séjours,1033.72,3256.22
2012,4,PLF,Causes d'hospitalisation,Pathologies neurologiques,séjours,969.11,4419.15
2012,5,PLF,Causes d'hospitalisation,Pathologies neurologiques,séjours,904.5,2093.28
2012,6,PLF,Causes d'hospitalisation,Pathologies neurologiques,séjours,904.5,930.35
2012,7,PLF,Causes d'hospitalisation,Pathologies neurologiques,séjours,1098.33,697.76
2012,8,PLF,Causes d'hospitalisation,Pathologies neurologiques,séjours,1033.72,697.76
2012,9,PLF,Causes d'hospitalisation,Pathologies neurologiques,séjours,969.11,1395.52
2012,10,PLF,Causes d'hospitalisation,Pathologies neurologiques,séjours,969.11,2558.46
2012,11,PLF,Causes d'hospitalisation,Pathologies neurologiques,séjours,1033.72,2791.04
2012,12,PLF,Causes d'hospitalisation,Pathologies neurologiques,séjours,1550.58,1860.7
2012,1,CFX,Causes d'hospitalisation,Pathologies neurologiques,séjours,1292.15,1395.52
2012,2,CFX,Causes d'hospitalisation,Pathologies neurologiques,séjours,1162.93,1162.93
2012,3,CFX,Causes d'hospitalisation,Pathologies neurologiques,séjours,1033.72,3256.22
2012,4,CFX,Causes d'hospitalisation,Pathologies neurologiques,séjours,969.11,4419.15
2012,5,CFX,Causes d'hospitalisation,Pathologies neurologiques,séjours,904.5,2093.28
2012,6,CFX,Causes d'hospitalisation,Pathologies neurologiques,séjours,904.5,930.35
2012,7,CFX,Causes d'hospitalisation,Pathologies neurologiques,séjours,1098.33,697.76
2012,8,CFX,Causes d'hospitalisation,Pathologies neurologiques,séjours,1033.72,697.76
2012,9,CFX,Causes d'hospitalisation,Pathologies neurologiques,séjours,969.11,1395.52
2012,10,CFX,Causes d'hospitalisation,Pathologies neurologiques,séjours,969.11,2558.46
2012,11,CFX,Causes d'hospitalisation,Pathologies neurologiques,séjours,1033.72,2791.04
2012,12,CFX,Causes d'hospitalisation,Pathologies neurologiques,séjours,1550.58,1860.7
2013,1,PLF,Causes d'hospitalisation,Pathologies neurologiques,séjours,1323.9,1429.81
2013,2,PLF,Causes d'hospitalisation,Pathologies neurologiques,séjours,1191.51,1191.51
2013,3,PLF,Causes d'hospitalisation,Pathologies neurologiques,séjours,1059.12,3336.23
2013,4,PLF,Causes d'hospitalisation,Pathologies neurologiques,séjours,992.92,4527.74
2013,5,PLF,Causes d'hospitalisation,Pathologies neurologiques,séjours,926.73,2144.72
2013,6,PLF,Causes d'hospitalisation,Pathologies neurologiques,séjours,926.73,953.21
2013,7,PLF,Causes d'hospitalisation,Pathologies neurologiques,séjours,1125.32,714.91
2013,8,PLF,Causes d'hospitalisation,Pathologies neurologiques,séjours,1059.12,714.91
2013,9,PLF,Causes d'hospitalisation,Pathologies neurologiques,séjours,992.92,1429.81
2013,10,PLF,Causes d'hospitalisation,Pathologies neurologiques,séjours,992.92,2621.32
2013,11,PLF,Causes d'hospitalisation,Pathologies neurologiques,séjours,1059.12,2859.62
2013,12,PLF,Causes d'hospitalisation,Pathologies neurologiques,séjours,1588.68,1906.42
2013,1,CFX,Causes d'hospitalisation,Pathologies neurologiques,séjours,1323.9,1429.81
2013,2,CFX,Causes d'hospitalisation,Pathologies neurologiques,séjours,1191.51,1191.51
2013,3,CFX,Causes d'hospitalisation,Pathologies neurologiques,séjours,1059.12,3336.23
2013,4,CFX,Causes d'hospitalisation,Pathologies neurologiques,séjours,992.92,4527.74
2013,5,CFX,Causes d'hospitalisation,Pathologies neurologiques,séjours,926.73,2144.72
2013,6,CFX,Causes d'hospitalisation,Pathologies neurologiques,séjours,926.73,953.21
2013,7,CFX,Causes d'hospitalisation,Pathologies neurologiques,séjours,1125.32,714.91
2013,8,CFX,Causes d'hospitalisation,Pathologies neurologiques,séjours,1059.12,714.91
2013,9,CFX,Causes d'hospitalisation,Pathologies neurologiques,séjours,992.92,1429.81
2013,10,CFX,Causes d'hospitalisation,Pathologies neurologiques,séjours,992.92,2621.32
2013,11,CFX,Causes d'hospitalisation,Pathologies neurologiques,séjours,1059.12,2859.62
2013,12,CFX,Causes d'hospitalisation,Pathologies neurologiques,séjours,1588.68,1906.42
2014,1,PLF,Causes d'hospitalisation,Pathologies neurologiques,séjours,1355.65,1464.1
2014,2,PLF,Causes d'hospitalisation,Pathologies neurologiques,séjours,1220.09,1220.09
2014,3,PLF,Causes d'hospitalisation,Pathologies neurologiques,séjours,1084.52,3416.24
2014,4,PLF,Causes d'hospitalisation,Pathologies neurologiques,séjours,1016.74,4636.32
2014,5,PLF,Causes d'hospitalisation,Pathologies neurologiques,séjours,948.96,2196.15
2014,6,PLF,Causes d'hospitalisation,Pathologies neurologiques,séjours,948.96,976.07
2014,7,PLF,Causes d'hospitalisation,Pathologies neurologiques,séjours,1152.3,732.05
2014,8,PLF,Causes d'hospitalisation,Pathologies neurologiques,séjours,1084.52,732.05
2014,9,PLF,Causes d'hospitalisation,Pathologies neurologiques,séjours,1016.74,1464.1
2014,10,PLF,Causes d'hospitalisation,Pathologies neurologiques,séjours,1016.74,2684.19
2014,11,PLF,Causes d'hospitalisation,Pathologies neurologiques,séjours,1084.52,2928.2
2014,12,PLF,Causes d'hospitalisation,Pathologies neurologiques,séjours,1626.78,1952.14
2014,1,CFX,Causes d'hospitalisation,Pathologies neurologiques,séjours,1355.65,1464.1
2014,2,CFX,Causes d'hospitalisation,Pathologies neurologiques,séjours,1220.09,1220.09
2014,3,CFX,Causes d'hospitalisation,Pathologies neurologiques,séjours,1084.52,3416.24
2014,4,CFX,Causes d'hospitalisation,Pathologies neurologiques,séjours,1016.74,4636.32
2014,5,CFX,Causes d'hospitalisation,Pathologies neurologiques,séjours,948.96,2196.15
2014,6,CFX,Causes d'hospitalisation,Pathologies neurologiques,séjours,948.96,976.07
2014,7,CFX,Causes d'hospitalisation,Pathologies neurologiques,séjours,1152.3,732.05
2014,8,CFX,Causes d'hospitalisation,Pathologies neurologiques,séjours,1084.52,732.05
2014,9,CFX,Causes d'hospitalisation,Pathologies neurologiques,séjours,1016.74,1464.1
2014,10,CFX,Causes d'hospitalisation,Pathologies neurologiques,séjours,1016.74,2684.19
2014,11,CFX,Causes d'hospitalisation,Pathologies neurologiques,séjours,1084.52,2928.2
2014,12,CFX,Causes d'hospitalisation,Pathologies neurologiques,séjours,1626.78,1952.14
2015,1,PLF,Causes d'hospitalisation,Pathologies neurologiques,séjours,1387.4,1498.39
2015,2,PLF,Causes d'hospitalisation,Pathologies neurologiques,séjours,1248.66,1248.66
2015,3,PLF,Causes d'hospitalisation,Pathologies neurologiques,séjours,1109.92,3496.25
2015,4,PLF,Causes d'hospitalisation,Pathologies neurologiques,séjours,1040.55,4744.91
2015,5,PLF,Causes d'hospitalisation,Pathologies neurologiques,séjours,971.18,2247.59
2015,6,PLF,Causes d'hospitalisation,Pathologies neurologiques,séjours,971.18,998.93
2015,7,PLF,Causes d'hospitalisation,Pathologies neurologiques,séjours,1179.29,749.2
2015,8,PLF,Causes d'hospitalisation,Pathologies neurologiques,séjours,1109.92,749.2
2015,9,PLF,Causes d'hospitalisation,Pathologies neurologiques,séjours,1040.55,1498.39
2015,10,PLF,Causes d'hospitalisation,Pathologies neurologiques,séjours,1040.55,2747.05
2015,11,PLF,Causes d'hospitalisation,Pathologies neurologiques,séjours,1109.92,2996.78
2015,12,PLF,Causes d'hospitalisation,Pathologies neurologiques,séjours,1664.88,1997.86
2015,1,CFX,Causes d'hospitalisation,Pathologies neurologiques,séjours,1387.4,1498.39
2015,2,CFX,Causes d'hospitalisation,Pathologies neurologiques,séjours,1248.66,1248.66
2015,3,CFX,Causes d'hospitalisation,Pathologies neurologiques,séjours,1109.92,3496.25
2015,4,CFX,Causes d'hospitalisation,Pathologies neurologiques,séjours,1040.55,4744.91
2015,5,CFX,Causes d'hospitalisation,Pathologies neurologiques,séjours,971.18,2247.59
2015,6,CFX,Causes d'hospitalisation,Pathologies neurologiques,séjours,971.18,998.93
2015,7,CFX,Causes d'hospitalisation,Pathologies neurologiques,séjours,1179.29,749.2
2015,8,CFX,Causes d'hospitalisation,Pathologies neurologiques,séjours,1109.92,749.2
2015,9,CFX,Causes d'hospitalisation,Pathologies neurologiques,séjours,1040.55,1498.39
2015,10,CFX,Causes d'hospitalisation,Pathologies neurologiques,séjours,1040.55,2747.05
2015,11,CFX,Causes d'hospitalisation,Pathologies neurologiques,séjours,1109.92,2996.78
2015,12,CFX,Causes d'hospitalisation,Pathologies neurologiques,séjours,1664.88,1997.86
2016,1,PLF,Causes d'hospitalisation,Pathologies neurologiques,séjours,1387.4,1498.39
2016,2,PLF,Causes d'hospitalisation,Pathologies neurologiques,séjours,1248.66,1248.66
2016,3,PLF,Causes d'hospitalisation,Pathologies neurologiques,séjours,1109.92,3496.25
2016,4,PLF,Causes d'hospitalisation,Pathologies neurologiques,séjours,1040.55,4744.91
2016,5,PLF,Causes d'hospitalisation,Pathologies neurologiques,séjours,971.18,2247.59
2016,6,PLF,Causes d'hospitalisation,Pathologies neurologiques,séjours,971.18,998.93
2016,7,PLF,Causes d'hospitalisation,Pathologies neurologiques,séjours,1179.29,749.2
2016,8,PLF,Causes d'hospitalisation,Pathologies neurologiques,séjours,1109.92,749.2
2016,9,PLF,Causes d'hospitalisation,Pathologies neurologiques,séjours,1040.55,1498.39
2016,10,PLF,Causes d'hospitalisation,Pathologies neurologiques,séjours,1040.55,2747.05
2016,11,PLF,Causes d'hospitalisation,Pathologies neurologiques,séjours,1109.92,2996.78
2016,12,PLF,Causes d'hospitalisation,Pathologies neurologiques,séjours,1664.88,1997.86
2016,1,CFX,Causes d'hospitalisation,Pathologies neurologiques,séjours,1387.4,1498.39
2016,2,CFX,Causes d'hospitalisation,Pathologies neurologiques,séjours,1248.66,1248.66
2016,3,CFX,Causes d'hospitalisation,Pathologies neurologiques,séjours,1109.92,3496.25
2016,4,CFX,Causes d'hospitalisation,Pathologies neurologiques,séjours,1040.55,4744.91
2016,5,CFX,Causes d'hospitalisation,Pathologies neurologiques,séjours,971.18,2247.59
2016,6,CFX,Causes d'hospitalisation,Pathologies neurologiques,séjours,971.18,998.93
2016,7,CFX,Causes d'hospitalisation,Pathologies neurologiques,séjours,1179.29,749.2
2016,8,CFX,Causes d'hospitalisation,Pathologies neurologiques,séjours,1109.92,749.2
2016,9,CFX,Causes d'hospitalisation,Pathologies neurologiques,séjours,1040.55,1498.39
2016,10,CFX,Causes d'hospitalisation,Pathologies neurologiques,séjours,1040.55,2747.05
2016,11,CFX,Causes d'hospitalisation,Pathologies neurologiques,séjours,1109.92,2996.78
2016,12,CFX,Causes d'hospitalisation,Pathologies neurologiques,séjours,1664.88,1997.86
2017,1,PLF,Causes d'hospitalisation,Pathologies neurologiques,séjours,1387.4,1498.39
2017,2,PLF,Causes d'hospitalisation,Pathologies neurologiques,séjours,1248.66,1248.66
2017,3,PLF,Causes d'hospitalisation,Pathologies neurologiques,séjours,1109.92,3496.25
2017,4,PLF,Causes d'hospitalisation,Pathologies neurologiques,séjours,1040.55,4744.91
2017,5,PLF,Causes d'hospitalisation,Pathologies neurologiques,séjours,971.18,2247.59
2017,6,PLF,Causes d'hospitalisation,Pathologies neurologiques,séjours,971.18,998.93
2017,7,PLF,Causes d'hospitalisation,Pathologies neurologiques,séjours,1179.29,749.2
2017,8,PLF,Causes d'hospitalisation,Pathologies neurologiques,séjours,1109.92,749.2
2017,9,PLF,Causes d'hospitalisation,Pathologies neurologiques,séjours,1040.55,1498.39
2017,10,PLF,Causes d'hospitalisation,Pathologies neurologiques,séjours,1040.55,2747.05
2017,11,PLF,Causes d'hospitalisation,Pathologies neurologiques,séjours,1109.92,2996.78
2017,12,PLF,Causes d'hospitalisation,Pathologies neurologiques,séjours,1664.88,1997.86
2017,1,CFX,Causes d'hospitalisation,Pathologies neurologiques,séjours,1387.4,1498.39
2017,2,CFX,Causes d'hospitalisation,Pathologies neurologiques,séjours,1248.66,1248.66
2017,3,CFX,Causes d'hospitalisation,Pathologies neurologiques,séjours,1109.92,3496.25
2017,4,CFX,Causes d'hospitalisation,Pathologies neurologiques,séjours,1040.55,4744.91
2017,5,CFX,Causes d'hospitalisation,Pathologies neurologiques,séjours,971.18,2247.59
2017,6,CFX,Causes d'hospitalisation,Pathologies neurologiques,séjours,971.18,998.93
2017,7,CFX,Causes d'hospitalisation,Pathologies neurologiques,séjours,1179.29,749.2
2017,8,CFX,Causes d'hospitalisation,Pathologies neurologiques,séjours,1109.92,749.2
2017,9,CFX,Causes d'hospitalisation,Pathologies neurologiques,séjours,1040.55,1498.39
2017,10,CFX,Causes d'hospitalisation,Pathologies neurologiques,séjours,1040.55,2747.05
2017,11,CFX,Causes d'hospitalisation,Pathologies neurologiques,séjours,1109.92,2996.78
2017,12,CFX,Causes d'hospitalisation,Pathologies neurologiques,séjours,1664.88,1997.86
2011,1,PLF,Causes d'hospitalisation,Pathologies orthopédiques et traumatologiques,séjours,503.2,543.46
2011,2,PLF,Causes d'hospitalisation,Pathologies orthopédiques et traumatologiques,séjours,452.88,452.88
2011,3,PLF,Causes d'hospitalisation,Pathologies orthopédiques et traumatologiques,séjours,402.56,1268.06
2011,4,PLF,Causes d'hospitalisation,Pathologies orthopédiques et traumatologiques,séjours,377.4,1720.94
2011,5,PLF,Causes d'hospitalisation,Pathologies orthopédiques et traumatologiques,séjours,352.24,815.18
2011,6,PLF,Causes d'hospitalisation,Pathologies orthopédiques et traumatologiques,séjours,352.24,362.3
2011,7,PLF,Causes d'hospitalisation,Pathologies orthopédiques et traumatologiques,séjours,427.72,271.73
2011,8,PLF,Causes d'hospitalisation,Pathologies orthopédiques et traumatologiques,séjours,402.56,271.73
2011,9,PLF,Causes d'hospitalisation,Pathologies orthopédiques et traumatologiques,séjours,377.4,543.46
2011,10,PLF,Causes d'hospitalisation,Pathologies orthopédiques et traumatologiques,séjours,377.4,996.34
2011,11,PLF,Causes d'hospitalisation,Pathologies orthopédiques et traumatologiques,séjours,402.56,1086.91
2011,12,PLF,Causes d'hospitalisation,Pathologies orthopédiques et traumatologiques,séjours,603.84,724.61
2011,1,CFX,Causes d'hospitalisation,Pathologies orthopédiques et traumatologiques,séjours,503.2,543.46
2011,2,CFX,Causes d'hospitalisation,Pathologies orthopédiques et traumatologiques,séjours,452.88,452.88
2011,3,CFX,Causes d'hospitalisation,Pathologies orthopédiques et traumatologiques,séjours,402.56,1268.06
2011,4,CFX,Causes d'hospitalisation,Pathologies orthopédiques et traumatologiques,séjours,377.4,1720.94
2011,5,CFX,Causes d'hospitalisation,Pathologies orthopédiques et traumatologiques,séjours,352.24,815.18
2011,6,CFX,Causes d'hospitalisation,Pathologies orthopédiques et traumatologiques,séjours,352.24,362.3
2011,7,CFX,Causes d'hospitalisation,Pathologies orthopédiques et traumatologiques,séjours,427.72,271.73
2011,8,CFX,Causes d'hospitalisation,Pathologies orthopédiques et traumatologiques,séjours,402.56,271.73
2011,9,CFX,Causes d'hospitalisation,Pathologies orthopédiques et traumatologiques,séjours,377.4,543.46
2011,10,CFX,Causes d'hospitalisation,Pathologies orthopédiques et traumatologiques,séjours,377.4,996.34
2011,11,CFX,Causes d'hospitalisation,Pathologies orthopédiques et traumatologiques,séjours,402.56,1086.91
2011,12,CFX,Causes d'hospitalisation,Pathologies orthopédiques et traumatologiques,séjours,603.84,724.61
2012,1,PLF,Causes d'hospitalisation,Pathologies orthopédiques et traumatologiques,séjours,503.2,543.46
2012,2,PLF,Causes d'hospitalisation,Pathologies orthopédiques et traumatologiques,séjours,452.88,452.88
2012,3,PLF,Causes d'hospitalisation,Pathologies orthopédiques et traumatologiques,séjours,402.56,1268.06
2012,4,PLF,Causes d'hospitalisation,Pathologies orthopédiques et traumatologiques,séjours,377.4,1720.94
2012,5,PLF,Causes d'hospitalisation,Pathologies orthopédiques et traumatologiques,séjours,352.24,815.18
2012,6,PLF,Causes d'hospitalisation,Pathologies orthopédiques et traumatologiques,séjours,352.24,362.3
2012,7,PLF,Causes d'hospitalisation,Pathologies orthopédiques et traumatologiques,séjours,427.72,271.73
2012,8,PLF,Causes d'hospitalisation,Pathologies orthopédiques et traumatologiques,séjours,402.56,271.73
2012,9,PLF,Causes d'hospitalisation,Pathologies orthopédiques et traumatologiques,séjours,377.4,543.46
2012,10,PLF,Causes d'hospitalisation,Pathologies orthopédiques et traumatologiques,séjours,377.4,996.34
2012,11,PLF,Causes d'hospitalisation,Pathologies orthopédiques et traumatologiques,séjours,402.56,1086.91
2012,12,PLF,Causes d'hospitalisation,Pathologies orthopédiques et traumatologiques,séjours,603.84,724.61
2012,1,CFX,Causes d'hospitalisation,Pathologies orthopédiques et traumatologiques,séjours,503.2,543.46
2012,2,CFX,Causes d'hospitalisation,Pathologies orthopédiques et traumatologiques,séjours,452.88,452.88
2012,3,CFX,Causes d'hospitalisation,Pathologies orthopédiques et traumatologiques,séjours,402.56,1268.06
2012,4,CFX,Causes d'hospitalisation,Pathologies orthopédiques et traumatologiques,séjours,377.4,1720.94
2012,5,CFX,Causes d'hospitalisation,Pathologies orthopédiques et traumatologiques,séjours,352.24,815.18
2012,6,CFX,Causes d'hospitalisation,Pathologies orthopédiques et traumatologiques,séjours,352.24,362.3
2012,7,CFX,Causes d'hospitalisation,Pathologies orthopédiques et traumatologiques,séjours,427.72,271.73
2012,8,CFX,Causes d'hospitalisation,Pathologies orthopédiques et traumatologiques,séjours,402.56,271.73
2012,9,CFX,Causes d'hospitalisation,Pathologies orthopédiques et traumatologiques,séjours,377.4,543.46
2012,10,CFX,Causes d'hospitalisation,Pathologies orthopédiques et traumatologiques,séjours,377.4,996.34
2012,11,CFX,Causes d'hospitalisation,Pathologies orthopédiques et traumatologiques,séjours,402.56,1086.91
2012,12,CFX,Causes d'hospitalisation,Pathologies orthopédiques et traumatologiques,séjours,603.84,724.61
2013,1,PLF,Causes d'hospitalisation,Pathologies orthopédiques et traumatologiques,séjours,516.3,557.6
2013,2,PLF,Causes d'hospitalisation,Pathologies orthopédiques et traumatologiques,séjours,464.67,464.67
2013,3,PLF,Causes d'hospitalisation,Pathologies orthopédiques et traumatologiques,séjours,413.04,1301.08
2013,4,PLF,Causes d'hospitalisation,Pathologies orthopédiques et traumatologiques,séjours,387.23,1765.75
2013,5,PLF,Causes d'hospitalisation,Pathologies orthopédiques et traumatologiques,séjours,361.41,836.41
2013,6,PLF,Causes d'hospitalisation,Pathologies orthopédiques et traumatologiques,séjours,361.41,371.74
2013,7,PLF,Causes d'hospitalisation,Pathologies orthopédiques et traumatologiques,séjours,438.86,278.8
2013,8,PLF,Causes d'hospitalisation,Pathologies orthopédiques et traumatologiques,séjours,413.04,278.8
2013,9,PLF,Causes d'hospitalisation,Pathologies orthopédiques et traumatologiques,séjours,387.23,557.6
2013,10,PLF,Causes d'hospitalisation,Pathologies orthopédiques et traumatologiques,séjours,387.23,1022.27
2013,11,PLF,Causes d'hospitalisation,Pathologies orthopédiques et traumatologiques,séjours,413.04,1115.21
2013,12,PLF,Causes d'hospitalisation,Pathologies orthopédiques et traumatologiques,séjours,619.56,743.47
2013,1,CFX,Causes d'hospitalisation,Pathologies orthopédiques et traumatologiques,séjours,516.3,557.6
2013,2,CFX,Causes d'hospitalisation,Pathologies orthopédiques et traumatologiques,séjours,464.67,464.67
2013,3,CFX,Causes d'hospitalisation,Pathologies orthopédiques et traumatologiques,séjours,413.04,1301.08
2013,4,CFX,Causes d'hospitalisation,Pathologies orthopédiques et traumatologiques,séjours,387.23,1765.75
2013,5,CFX,Causes d'hospitalisation,Pathologies orthopédiques et traumatologiques,séjours,361.41,836.41
2013,6,CFX,Causes d'hospitalisation,Pathologies orthopédiques et traumatologiques,séjours,361.41,371.74
2013,7,CFX,Causes d'hospitalisation,Pathologies orthopédiques et traumatologiques,séjours,438.86,278.8
2013,8,CFX,Causes d'hospitalisation,Pathologies orthopédiques et traumatologiques,séjours,413.04,278.8
2013,9,CFX,Causes d'hospitalisation,Pathologies orthopédiques et traumatologiques,séjours,387.23,557.6
2013,10,CFX,Causes d'hospitalisation,Pathologies orthopédiques et traumatologiques,séjours,387.23,1022.27
2013,11,CFX,Causes d'hospitalisation,Pathologies orthopédiques et traumatologiques,séjours,413.04,1115.21
2013,12,CFX,Causes d'hospitalisation,Pathologies orthopédiques et traumatologiques,séjours,619.56,743.47
2014,1,PLF,Causes d'hospitalisation,Pathologies orthopédiques et traumatologiques,séjours,529.4,571.75
2014,2,PLF,Causes d'hospitalisation,Pathologies orthopédiques et traumatologiques,séjours,476.46,476.46
2014,3,PLF,Causes d'hospitalisation,Pathologies orthopédiques et traumatologiques,séjours,423.52,1334.09
2014,4,PLF,Causes d'hospitalisation,Pathologies orthopédiques et traumatologiques,séjours,397.05,1810.55
2014,5,PLF,Causes d'hospitalisation,Pathologies orthopédiques et traumatologiques,séjours,370.58,857.63
2014,6,PLF,Causes d'hospitalisation,Pathologies orthopédiques et traumatologiques,séjours,370.58,381.17
2014,7,PLF,Causes d'hospitalisation,Pathologies orthopédiques et traumatologiques,séjours,449.99,285.88
2014,8,PLF,Causes d'hospitalisation,Pathologies orthopédiques et traumatologiques,séjours,423.52,285.88
2014,9,PLF,Causes d'hospitalisation,Pathologies orthopédiques et traumatologiques,séjours,397.05,571.75
2014,10,PLF,Causes d'hospitalisation,Pathologies orthopédiques et traumatologiques,séjours,397.05,1048.21
2014,11,PLF,Causes d'hospitalisation,Pathologies orthopédiques et traumatologiques,séjours,423.52,1143.5
2014,12,PLF,Causes d'hospitalisation,Pathologies orthopédiques et traumatologiques,séjours,635.28,762.34
2014,1,CFX,Causes d'hospitalisation,Pathologies orthopédiques et traumatologiques,séjours,529.4,571.75
2014,2,CFX,Causes d'hospitalisation,Pathologies orthopédiques et traumatologiques,séjours,476.46,476.46
2014,3,CFX,Causes d'hospitalisation,Pathologies orthopédiques et traumatologiques,séjours,423.52,1334.09
2014,4,CFX,Causes d'hospitalisation,Pathologies orthopédiques et traumatologiques,séjours,397.05,1810.55
2014,5,CFX,Causes d'hospitalisation,Pathologies orthopédiques et traumatologiques,séjours,370.58,857.63
2014,6,CFX,Causes d'hospitalisation,Pathologies orthopédiques et traumatologiques,séjours,370.58,381.17
2014,7,CFX,Causes d'hospitalisation,Pathologies orthopédiques et traumatologiques,séjours,449.99,285.88
2014,8,CFX,Causes d'hospitalisation,Pathologies orthopédiques et traumatologiques,séjours,423.52,285.88
2014,9,CFX,Causes d'hospitalisation,Pathologies orthopédiques et traumatologiques,séjours,397.05,571.75
2014,10,CFX,Causes d'hospitalisation,Pathologies orthopédiques et traumatologiques,séjours,397.05,1048.21
2014,11,CFX,Causes d'hospitalisation,Pathologies orthopédiques et traumatologiques,séjours,423.52,1143.5
2014,12,CFX,Causes d'hospitalisation,Pathologies orthopédiques et traumatologiques,séjours,635.28,762.34
2015,1,PLF,Causes d'hospitalisation,Pathologies orthopédiques et traumatologiques,séjours,542.5,585.9
2015,2,PLF,Causes d'hospitalisation,Pathologies orthopédiques et traumatologiques,séjours,488.25,488.25
2015,3,PLF,Causes d'hospitalisation,Pathologies orthopédiques et traumatologiques,séjours,434.0,1367.1
2015,4,PLF,Causes d'hospitalisation,Pathologies orthopédiques et traumatologiques,séjours,406.88,1855.35
2015,5,PLF,Causes d'hospitalisation,Pathologies orthopédiques et traumatologiques,séjours,379.75,878.85
2015,6,PLF,Causes d'hospitalisation,Pathologies orthopédiques et traumatologiques,séjours,379.75,390.6
2015,7,PLF,Causes d'hospitalisation,Pathologies orthopédiques et traumatologiques,séjours,461.12,292.95
2015,8,PLF,Causes d'hospitalisation,Pathologies orthopédiques et traumatologiques,séjours,434.0,292.95
2015,9,PLF,Causes d'hospitalisation,Pathologies orthopédiques et traumatologiques,séjours,406.88,585.9
2015,10,PLF,Causes d'hospitalisation,Pathologies orthopédiques et traumatologiques,séjours,406.88,1074.15
2015,11,PLF,Causes d'hospitalisation,Pathologies orthopédiques et traumatologiques,séjours,434.0,1171.8
2015,12,PLF,Causes d'hospitalisation,Pathologies orthopédiques et traumatologiques,séjours,651.0,781.2
2015,1,CFX,Causes d'hospitalisation,Pathologies orthopédiques et traumatologiques,séjours,542.5,585.9
2015,2,CFX,Causes d'hospitalisation,Pathologies orthopédiques et traumatologiques,séjours,488.25,488.25
2015,3,CFX,Causes d'hospitalisation,Pathologies orthopédiques et traumatologiques,séjours,434.0,1367.1
2015,4,CFX,Causes d'hospitalisation,Pathologies orthopédiques et traumatologiques,séjours,406.88,1855.35
2015,5,CFX,Causes d'hospitalisation,Pathologies orthopédiques et traumatologiques,séjours,379.75,878.85
2015,6,CFX,Causes d'hospitalisation,Pathologies orthopédiques et traumatologiques,séjours,379.75,390.6
2015,7,CFX,Causes d'hospitalisation,Pathologies orthopédiques et traumatologiques,séjours,461.12,292.95
2015,8,CFX,Causes d'hospitalisation,Pathologies orthopédiques et traumatologiques,séjours,434.0,292.95
2015,9,CFX,Causes d'hospitalisation,Pathologies orthopédiques et traumatologiques,séjours,406.88,585.9
2015,10,CFX,Causes d'hospitalisation,Pathologies orthopédiques et traumatologiques,séjours,406.88,1074.15
2015,11,CFX,Causes d'hospitalisation,Pathologies orthopédiques et traumatologiques,séjours,434.0,1171.8
2015,12,CFX,Causes d'hospitalisation,Pathologies orthopédiques et traumatologiques,séjours,651.0,781.2
2016,1,PLF,Causes d'hospitalisation,Pathologies orthopédiques et traumatologiques,séjours,542.5,585.9
2016,2,PLF,Causes d'hospitalisation,Pathologies orthopédiques et traumatologiques,séjours,488.25,488.25
2016,3,PLF,Causes d'hospitalisation,Pathologies orthopédiques et traumatologiques,séjours,434.0,1367.1
2016,4,PLF,Causes d'hospitalisation,Pathologies orthopédiques et traumatologiques,séjours,406.88,1855.35
2016,5,PLF,Causes d'hospitalisation,Pathologies orthopédiques et traumatologiques,séjours,379.75,878.85
2016,6,PLF,Causes d'hospitalisation,Pathologies orthopédiques et traumatologiques,séjours,379.75,390.6
2016,7,PLF,Causes d'hospitalisation,Pathologies orthopédiques et traumatologiques,séjours,461.12,292.95
2016,8,PLF,Causes d'hospitalisation,Pathologies orthopédiques et traumatologiques,séjours,434.0,292.95
2016,9,PLF,Causes d'hospitalisation,Pathologies orthopédiques et traumatologiques,séjours,406.88,585.9
2016,10,PLF,Causes d'hospitalisation,Pathologies orthopédiques et traumatologiques,séjours,406.88,1074.15
2016,11,PLF,Causes d'hospitalisation,Pathologies orthopédiques et traumatologiques,séjours,434.0,1171.8
2016,12,PLF,Causes d'hospitalisation,Pathologies orthopédiques et traumatologiques,séjours,651.0,781.2
2016,1,CFX,Causes d'hospitalisation,Pathologies orthopédiques et traumatologiques,séjours,542.5,585.9
2016,2,CFX,Causes d'hospitalisation,Pathologies orthopédiques et traumatologiques,séjours,488.25,488.25
2016,3,CFX,Causes d'hospitalisation,Pathologies orthopédiques et traumatologiques,séjours,434.0,1367.1
2016,4,CFX,Causes d'hospitalisation,Pathologies orthopédiques et traumatologiques,séjours,406.88,1855.35
2016,5,CFX,Causes d'hospitalisation,Pathologies orthopédiques et traumatologiques,séjours,379.75,878.85
2016,6,CFX,Causes d'hospitalisation,Pathologies orthopédiques et traumatologiques,séjours,379.75,390.6
2016,7,CFX,Causes d'hospitalisation,Pathologies orthopédiques et traumatologiques,séjours,461.12,292.95
2016,8,CFX,Causes d'hospitalisation,Pathologies orthopédiques et traumatologiques,séjours,434.0,292.95
2016,9,CFX,Causes d'hospitalisation,Pathologies orthopédiques et traumatologiques,séjours,406.88,585.9
2016,10,CFX,Causes d'hospitalisation,Pathologies orthopédiques et traumatologiques,séjours,406.88,1074.15
2016,11,CFX,Causes d'hospitalisation,Pathologies orthopédiques et traumatologiques,séjours,434.0,1171.8
2016,12,CFX,Causes d'hospitalisation,Pathologies orthopédiques et traumatologiques,séjours,651.0,781.2
2017,1,PLF,Causes d'hospitalisation,Pathologies orthopédiques et traumatologiques,séjours,542.5,585.9
2017,2,PLF,Causes d'hospitalisation,Pathologies orthopédiques et traumatologiques,séjours,488.25,488.25
2017,3,PLF,Causes d'hospitalisation,Pathologies orthopédiques et traumatologiques,séjours,434.0,1367.1
2017,4,PLF,Causes d'hospitalisation,Pathologies orthopédiques et traumatologiques,séjours,406.88,1855.35
2017,5,PLF,Causes d'hospitalisation,Pathologies orthopédiques et traumatologiques,séjours,379.75,878.85
2017,6,PLF,Causes d'hospitalisation,Pathologies orthopédiques et traumatologiques,séjours,379.75,390.6
2017,7,PLF,Causes d'hospitalisation,Pathologies orthopédiques et traumatologiques,séjours,461.12,292.95
2017,8,PLF,Causes d'hospitalisation,Pathologies orthopédiques et traumatologiques,séjours,434.0,292.95
2017,9,PLF,Causes d'hospitalisation,Pathologies orthopédiques et traumatologiques,séjours,406.88,585.9
2017,10,PLF,Causes d'hospitalisation,Pathologies orthopédiques et traumatologiques,séjours,406.88,1074.15
2017,11,PLF,Causes d'hospitalisation,Pathologies orthopédiques et traumatologiques,séjours,434.0,1171.8
2017,12,PLF,Causes d'hospitalisation,Pathologies orthopédiques et traumatologiques,séjours,651.0,781.2
2017,1,CFX,Causes d'hospitalisation,Pathologies orthopédiques et traumatologiques,séjours,542.5,585.9
2017,2,CFX,Causes d'hospitalisation,Pathologies orthopédiques et traumatologiques,séjours,488.25,488.25
2017,3,CFX,Causes d'hospitalisation,Pathologies orthopédiques et traumatologiques,séjours,434.0,1367.1
2017,4,CFX,Causes d'hospitalisation,Pathologies orthopédiques et traumatologiques,séjours,406.88,1855.35
2017,5,CFX,Causes d'hospitalisation,Pathologies orthopédiques et traumatologiques,séjours,379.75,878.85
2017,6,CFX,Causes d'hospitalisation,Pathologies orthopédiques et traumatologiques,séjours,379.75,390.6
2017,7,CFX,Causes d'hospitalisation,Pathologies orthopédiques et traumatologiques,séjours,461.12,292.95
2017,8,CFX,Causes d'hospitalisation,Pathologies orthopédiques et traumatologiques,séjours,434.0,292.95
2017,9,CFX,Causes d'hospitalisation,Pathologies orthopédiques et traumatologiques,séjours,406.88,585.9
2017,10,CFX,Causes d'hospitalisation,Pathologies orthopédiques et traumatologiques,séjours,406.88,1074.15
2017,11,CFX,Causes d'hospitalisation,Pathologies orthopédiques et traumatologiques,séjours,434.0,1171.8
2017,12,CFX,Causes d'hospitalisation,Pathologies orthopédiques et traumatologiques,séjours,651.0,781.2
